Longitude,Latitude,Elev_m
-112.415150710000006,31.782415050000001,514.5800781
-112.530982480000006,31.965224950000000,603.9473267
-112.533329940000002,31.884003329999999,561.5395508
-112.601845810000000,31.968220020000000,656.2375488
-112.598228340000006,31.965832760000001,651.8619995
-112.791438150000005,31.948319130000002,496.9842834
-112.613053829999998,31.936279140000000,652.6476440
-112.785171840000004,31.918754520000000,467.5758057
-112.785560320000002,31.900043929999999,448.4815063
-112.787906100000001,31.887403809999999,436.5389709
-112.787945719999996,31.887225460000000,436.2789612
-112.554495480000000,31.892589229999999,573.3449707
-112.553903770000005,31.879392339999999,567.0657959
-112.750495680000000,31.869427009999999,437.9646301
-112.700975549999995,31.857831370000000,451.4633179
-112.548201250000005,31.859482350000000,550.8093262
-112.718718039999999,31.863549150000001,450.2144775
-112.719922269999998,31.853812040000001,442.1725769
-111.519743180000006,31.950253300000000,1082.3388672
-111.475309940000002,31.868543010000000,968.9965820
-111.500573119999999,31.676845329999999,1066.4829102
-111.535193230000004,31.677208109999999,1109.9396973
-111.555115540000003,31.571735879999999,1096.7193604
-111.567477980000007,31.561740629999999,1112.7996826
-112.017233689999998,31.839442600000002,627.6882324
-111.835382240000001,31.832533349999999,741.2624512
-111.735512139999997,31.812168199999999,847.9390259
-111.838637820000002,31.806509349999999,737.7474365
-112.164667260000002,31.794857360000002,583.7769165
-111.862762810000007,31.800521750000001,717.1860352
-112.080711559999997,31.792588670000001,609.7851562
-111.776118350000004,31.779099729999999,796.1543579
-111.767910720000003,31.646293150000002,763.5368042
-111.747047580000000,31.622968749999998,786.6421509
-111.768398529999999,31.612273049999999,763.5555420
-111.782217900000006,31.599078880000000,755.4623413
-111.697525459999994,31.572386059999999,862.0729980
-111.560371599999996,31.521667239999999,1110.7603760
-111.553348929999999,31.516898829999999,1096.9809570
-111.524201460000000,31.519093139999999,1066.9458008
-111.570677730000000,31.495349050000002,1106.9482422
-111.520432860000000,31.487050369999999,1055.2301025
-110.881231499999998,31.966603350000000,858.4026489
-110.662915020000000,31.932273250000001,1189.5219727
-110.820349730000004,31.903845230000002,1038.9034424
-111.106540190000004,31.833295369999998,1069.8455811
-110.985833389999996,31.810838159999999,899.7827148
-110.990287899999998,31.763497699999999,946.3193359
-111.049775220000001,31.753089390000000,934.7081299
-111.022342199999997,31.737346779999999,943.4458008
-111.085142570000002,31.709797999999999,960.9868774
-111.149079819999997,31.690391909999999,1056.3554688
-111.226699560000000,31.655602519999999,1067.6726074
-110.795339679999998,31.596591409999998,1362.0501709
-111.207694309999994,31.540888349999999,1194.8676758
-111.077112389999996,31.465718140000000,1126.2052002
-110.655460009999999,31.735879340000000,1426.0133057
-110.717483880000003,31.737811319999999,1505.0949707
-111.393131749999995,31.960682309999999,841.4309082
-111.331280849999999,31.954121950000001,972.3252563
-111.353558120000002,31.927328169999999,937.8732910
-111.400122830000001,31.891680170000001,879.9949341
-111.424613829999998,31.889678709999998,910.6879272
-111.335007809999993,31.868518869999999,1018.1723022
-111.461837220000007,31.827801820000001,976.9526978
-111.360596459999996,31.782603170000002,971.6774292
-111.300709409999996,31.701134979999999,1076.8266602
-111.438745229999995,31.500666480000000,1164.7548828
-111.451533229999995,31.496425840000001,1139.3428955
-111.399680099999998,31.495213849999999,1243.3284912
-111.319000259999996,31.474585930000000,1249.4803467
-111.393264479999999,31.482392720000000,1196.0450439
-111.415069110000005,31.480111359999999,1197.3609619
-111.361532999999994,31.464846789999999,1183.7980957
-111.368198359999994,31.467616910000000,1206.5643311
-111.419872069999997,31.463062430000001,1155.0654297
-111.323159239999995,31.462468950000002,1219.7227783
-111.337890049999999,31.450161080000001,1183.0386963
-111.344896259999999,31.447545080000001,1166.8835449
-111.440711759999999,31.452256420000001,1111.0822754
-111.203749419999994,31.404655829999999,1134.8225098
-111.190123760000006,31.375890680000001,1235.9713135
-110.587515920000001,31.403292810000000,1447.0871582
-110.526842610000003,31.956385749999999,1136.0938721
-110.510258859999993,31.915145610000000,1238.8597412
-110.480592770000001,31.915695599999999,1282.0653076
-110.575877610000006,31.849813650000002,1295.0877686
-110.462496959999996,31.810472200000000,1609.4143066
-110.276732179999996,31.943930460000001,1087.8293457
-110.314969410000003,31.924643990000000,1242.1425781
-110.113180249999999,31.916627269999999,1343.0445557
-110.168352299999995,31.907696649999998,1223.1748047
-110.194519670000005,31.876403230000001,1154.7507324
-110.164237029999995,31.862820899999999,1236.1396484
-110.009768859999994,31.764330189999999,1433.9370117
-110.072284890000006,31.770064569999999,1343.2180176
-109.933027400000000,31.762753910000001,1547.4331055
-110.354601650000006,31.637715830000001,1309.9395752
-110.147940239999997,31.610322080000000,1231.6384277
-110.152607300000000,31.581022430000001,1235.3494873
-110.167983079999999,31.498975250000001,1300.3571777
-110.108212409999993,31.485301000000000,1270.0076904
-110.112296279999995,31.472161600000000,1255.7473145
-110.241231519999999,31.405671580000000,1536.9887695
-109.984179380000000,31.350710190000001,1368.4797363
-109.811889940000000,31.808908320000000,1424.4918213
-109.923842930000006,31.710098100000000,1488.1578369
-109.919251840000001,31.682587550000001,1448.0463867
-109.914311659999996,31.495875529999999,1599.2229004
-109.780049469999994,31.949019799999999,1290.9162598
-109.676257109999995,31.903349760000001,1317.4698486
-109.601701160000005,31.922543940000001,1349.4854736
-109.546997239999996,31.891704659999998,1405.6564941
-109.536424740000001,31.842459309999999,1426.3039551
-109.467227100000002,31.827458289999999,1557.4841309
-109.742150010000003,31.799438630000001,1320.6351318
-109.477794180000004,31.715270000000000,1535.8441162
-109.419285930000001,31.709670630000002,1648.7739258
-109.389785369999998,31.669331920000001,1679.8608398
-109.457285029999994,31.649404010000001,1513.2276611
-109.756772900000001,31.616442880000001,1259.8479004
-109.436062849999999,31.612398550000002,1513.3657227
-109.409953759999993,31.584458900000001,1536.7406006
-109.567701940000006,31.561856270000000,1329.1282959
-109.601204170000003,31.487433790000001,1268.6765137
-109.454546809999997,31.476887690000002,1378.5653076
-109.438083500000005,31.449625850000000,1414.7218018
-109.580150700000004,31.347532439999998,1195.4528809
-109.580820570000000,31.345153750000001,1191.8737793
-109.356383739999998,31.593754050000001,1632.8587646
-109.295241550000000,31.586185210000000,1476.9002686
-109.337707730000005,31.525645319999999,1422.3143311
-109.405528419999996,31.504601919999999,1425.5950928
-109.227234830000000,31.500464470000001,1324.6718750
-109.328591570000000,31.465797280000000,1302.1407471
-109.247677179999997,31.482455779999999,1329.9589844
-109.384587749999994,31.463396530000001,1335.8156738
-109.351285379999993,31.442563419999999,1275.4837646
-109.168002160000000,31.420164320000001,1283.8011475
-109.241512049999997,31.403497320000000,1203.3607178
-109.139654600000000,31.413063040000001,1290.4552002
-109.367731059999997,31.414972259999999,1276.1927490
-109.384759270000004,31.407542540000001,1313.6107178
-109.278674249999995,31.407924359999999,1233.3209229
-109.269979969999994,31.364993470000002,1165.1331787
-109.118901820000005,31.391185929999999,1310.6306152
-109.319929700000003,31.390187380000000,1207.1086426
-109.196220019999998,31.376207260000001,1203.7247314
-109.368639979999998,31.371607399999998,1271.7176514
-114.068830410000004,32.433025710000003,255.6885376
-114.802468730000001,32.581259220000000,26.6102676
-114.735333060000002,32.576352350000001,31.4868641
-114.472660629999993,32.588355030000002,103.7375412
-114.352914400000003,32.530307559999997,168.9621277
-114.764672030000000,32.510567389999999,27.0799522
-114.438743220000006,32.515105339999998,116.5587540
-114.346109740000003,32.475264459999998,159.8932495
-114.256000220000004,32.425102660000000,262.8024902
-114.241883529999996,32.371015319999998,218.2751007
-114.179158369999996,32.368453510000002,253.6499634
-114.290958470000007,32.366004089999997,186.2886047
-114.123278400000004,32.307703510000003,267.3377686
-114.118655149999995,32.317035910000001,278.4141235
-113.979150149999995,32.261329719999999,310.7609253
-113.980980110000004,32.260604639999997,310.0740662
-113.972790369999998,32.255741430000000,320.4754333
-113.691518950000003,32.490072179999999,191.2497253
-113.487299250000007,32.579002299999999,141.4037476
-113.174613519999994,32.542156140000003,262.7309570
-113.207184159999997,32.532196949999999,244.8242493
-113.400980779999998,32.463209929999998,189.3378601
-113.220283719999998,32.456373180000000,215.5460358
-113.176714009999998,32.355201510000001,241.9528656
-113.225678250000001,32.311651710000000,248.4509277
-113.336603710000006,32.315959200000002,237.5492249
-113.144567649999999,32.265691789999998,281.2614441
-113.165140600000001,32.246246040000003,279.4994202
-113.251773240000006,32.057886449999998,293.6470032
-113.265711769999996,32.029717159999997,267.9978638
-113.882640409999993,32.263762950000000,363.4461365
-113.889198699999994,32.252381040000003,350.8919067
-113.780477450000006,32.233533309999999,379.6074219
-113.916750879999995,32.228631960000001,325.2474976
-113.624148539999993,32.215997199999997,276.2967834
-113.687716989999998,32.214930289999998,321.2499695
-113.799976849999993,32.194956259999998,335.6087646
-113.648121459999999,32.184575490000000,292.3280945
-113.370640890000004,32.167175149999998,251.3114166
-113.249698559999999,32.174503170000001,274.7455444
-113.604929260000006,32.165542100000003,263.2113342
-113.345052420000002,32.155568440000003,242.1898499
-113.341187899999994,32.162235170000002,244.7777100
-113.427024200000005,32.088707620000001,209.3988953
-113.316999539999998,32.103434999999998,258.1164856
-113.405808600000000,32.097781789999999,216.3564606
-112.641540140000004,32.557207750000003,628.2853394
-112.827405089999999,32.573079839999998,386.5387573
-112.969945420000002,32.561946540000001,344.5292969
-112.985885150000001,32.559968970000000,338.1417847
-112.856227989999994,32.559257320000000,367.8159485
-112.803335559999994,32.554629900000002,409.8247986
-112.814891340000003,32.542525400000002,402.3505859
-112.696509680000005,32.529749580000001,557.2098999
-112.739323560000003,32.531590989999998,490.1890869
-112.708184169999996,32.511908020000000,540.8563843
-112.817889820000005,32.450385840000003,445.6652832
-112.897306940000007,32.439139640000000,451.7075195
-112.791183869999998,32.435144319999999,462.1069336
-112.830808529999999,32.347740840000000,529.9902954
-112.731424610000005,32.347090020000003,532.1384888
-112.584585890000000,32.254671250000001,644.4302979
-113.101320689999994,32.576394020000002,287.0189514
-113.004316939999995,32.481510129999997,363.5162048
-113.050896490000000,32.389566909999999,404.1690063
-113.037032580000002,32.337595440000001,459.2863159
-112.896398239999996,32.271951139999999,506.7711792
-112.953858530000005,32.240015990000003,526.5697021
-113.072266790000000,32.191195989999997,333.7314453
-113.019376070000007,32.152640589999997,368.3457031
-112.989511320000005,32.139032460000003,386.0364990
-112.651920790000005,32.104953829999999,691.0060425
-112.529328640000003,32.499501490000000,750.1520996
-112.534805239999997,32.386420870000002,707.9430542
-112.532722300000003,32.247423280000000,633.1819458
-112.322609869999994,32.105983270000003,605.6115723
-112.313294310000003,31.985492480000001,551.2592163
-112.764038589999998,31.981200500000000,550.7890625
-113.068348240000006,32.042150059999997,353.0610046
-111.490773149999995,32.569284209999999,526.2457886
-111.558736690000003,32.464306579999999,643.9822998
-111.570716529999999,32.467926270000000,625.8436279
-111.574758939999995,32.478412949999999,607.5130615
-111.512261659999993,31.985841780000001,1046.3144531
-111.713783870000000,32.398969010000002,553.2503052
-111.784712510000006,32.354956369999996,570.6917725
-111.744089869999996,32.347431479999997,561.5347900
-111.757441099999994,32.363751819999997,557.1962891
-111.772820280000005,32.341807590000002,567.4999390
-111.710065510000007,32.329014489999999,579.0115356
-111.789375050000004,32.302714420000001,588.7181396
-111.683968120000003,32.307032749999998,593.4630127
-111.748375719999999,32.244085179999999,647.3100586
-111.766144699999998,32.278114549999998,613.6313477
-111.550861380000001,32.164729850000001,717.8429565
-111.576962129999998,32.209790429999998,668.0458374
-111.548112829999994,32.226246080000003,671.2930298
-111.611709750000003,32.195183980000003,678.5656738
-111.474950509999999,32.194503189999999,736.3440552
-111.674034160000005,32.167989560000002,719.4495850
-111.493367649999996,32.166534370000001,739.4296875
-111.491377860000000,32.143066599999997,761.6013794
-112.030851749999997,32.553067540000001,518.0740356
-112.007049109999997,32.566133000000001,504.0773621
-112.237676899999997,32.552086670000001,633.4685669
-112.245021699999995,32.537142050000000,642.9566040
-112.152308410000003,32.492687310000001,633.8458862
-112.149563499999999,32.494525050000000,632.6882935
-111.956855619999999,32.470919610000003,491.3041992
-111.961098340000007,32.417133749999998,505.9980774
-111.921231030000001,32.409282410000003,530.2818604
-111.934447939999998,32.416190870000001,513.8409424
-111.992996629999993,32.373276840000003,523.3073120
-112.134032189999999,32.311403370000001,616.4559326
-112.070342769999996,32.281114930000001,591.9321289
-112.226606579999995,32.288591719999999,674.0087280
-111.822390639999995,32.249625860000002,643.1726074
-112.012048070000006,32.214669770000000,610.0990601
-111.964712870000000,32.165296660000003,681.0848999
-112.033275700000004,32.058918450000000,649.7844849
-110.890323429999995,32.015797470000003,843.8092041
-110.703055950000007,32.002191009999997,1034.3572998
-110.757053029999994,31.990418280000000,991.2711792
-110.868273459999997,31.981803249999999,863.9984741
-110.884543620000002,31.971214289999999,853.4841919
-110.774528709999998,32.365755759999999,1121.3282471
-111.013610119999996,32.303283980000003,685.0270996
-110.808539130000000,32.295906350000003,790.5922241
-110.924998570000000,32.273565419999997,720.2230225
-110.806826349999994,32.290441420000001,783.5780640
-110.818762210000003,32.260227530000002,759.9888916
-110.680150319999996,32.119368049999999,914.4348755
-110.678669659999997,32.035489329999997,969.8771362
-110.684417929999995,32.086130160000003,985.4453125
-110.644208759999998,32.019909040000002,1006.5325928
-110.639452050000003,32.016445969999999,1015.4118652
-111.340077280000003,32.399007849999997,602.2737427
-111.324009169999997,32.259250629999997,665.9418335
-111.167102180000001,32.177943509999999,729.7719116
-111.329063370000000,31.992017810000000,919.8668823
-110.095202599999993,32.563131970000001,1362.2050781
-110.215973160000004,32.541013059999997,1473.3216553
-109.898861729999993,32.495570870000002,1390.9338379
-110.162423689999997,32.470824159999999,1486.4841309
-109.802630660000005,32.434873170000003,1463.7053223
-109.826008830000006,32.409164380000000,1385.4031982
-109.812587679999993,32.385388470000002,1364.8400879
-109.809406690000003,32.283089439999998,1276.2645264
-110.022981540000004,32.062874430000001,1410.9815674
-110.380457910000004,32.582315160000000,1250.7229004
-110.486849969999994,32.445869020000004,859.6116333
-110.582581669999996,32.437694860000001,1085.6005859
-110.494093289999995,32.390583880000001,966.3899536
-110.224992900000004,32.379929980000000,1328.0592041
-110.228279880000002,32.388968900000002,1316.0516357
-110.139722340000006,32.310500060000003,1488.6093750
-110.431116610000004,32.275989729999999,1072.2220459
-110.395339430000007,32.229719570000000,1008.8897095
-110.234576189999999,32.199698630000000,1323.6445312
-110.470837570000000,32.042464320000001,1268.7944336
-110.527203170000007,31.985843559999999,1135.5268555
-110.305313530000006,32.107116380000001,1036.2979736
-110.374992640000002,32.079307129999997,1100.2476807
-110.417871439999999,31.992571500000000,1216.9232178
-109.713314859999997,32.207264010000003,1314.0804443
-109.489869650000003,32.118360699999997,1483.3251953
-109.588245220000005,32.062352810000000,1385.9134521
-109.593924889999997,32.054338870000002,1372.2076416
-109.425564230000006,32.038448789999997,1542.3031006
-109.383165899999995,31.987195329999999,1597.1428223
-109.380916080000006,32.023945920000003,1600.3934326
-109.354016599999994,32.521102829999997,1048.5883789
-109.528266110000004,32.491817259999998,1086.5192871
-109.661767510000004,32.475739249999997,1336.8132324
-109.288007170000000,32.445152909999997,1097.8580322
-109.717587140000006,32.390674730000001,1371.5108643
-109.297276479999994,32.368239109999998,1061.0878906
-109.590073259999997,32.380016419999997,1203.0300293
-109.204231410000006,32.359437780000000,1146.4840088
-109.435958580000005,32.325018340000000,1120.7900391
-109.178583820000000,32.310436000000003,1144.1680908
-109.462168809999994,32.248826469999997,1197.9104004
-109.469544900000002,32.239512470000001,1211.7315674
-109.232740269999994,32.203589489999999,1139.0452881
-109.195073760000000,32.131019060000000,1204.8774414
-109.237814189999995,32.142548030000000,1228.3677979
-109.360233149999999,32.095247839999999,1640.0180664
-109.048846370000007,32.081278869999998,1177.2512207
-109.149947069999996,32.587781829999997,1391.6192627
-109.113690090000006,32.581383469999999,1290.0075684
-109.157231330000002,32.592241370000004,1411.7979736
-109.107502400000001,32.519996440000000,1295.7280273
-114.143514940000003,32.915786460000000,292.3718567
-114.128452800000005,32.855905470000003,213.4528046
-114.301318710000004,32.874134329999997,147.7743073
-114.175470309999994,32.843557220000001,197.8661957
-114.082914840000001,32.812345909999998,162.7987061
-114.006191909999998,32.831060540000003,165.1863403
-114.068729460000000,32.753966660000003,88.9285812
-114.071958929999994,32.739639449999999,70.7372742
-114.444506550000000,32.710813379999998,50.6828918
-114.445716000000004,32.830194689999999,55.5612679
-114.458193339999994,32.814719799999999,52.7620201
-114.527605829999999,32.747566689999999,37.2511597
-114.528785880000001,32.743831700000001,38.4614487
-114.554069339999998,32.721050640000001,38.0536385
-114.688873349999994,32.737572729999997,35.8233643
-114.663353119999996,32.733670310000001,34.1580009
-114.670457870000007,32.734251700000002,34.1580009
-114.675205039999994,32.735587209999998,34.1580009
-114.655761569999996,32.733382190000000,34.1580009
-114.644491570000000,32.731704700000002,36.1380005
-114.628008769999994,32.729293100000000,35.6998863
-114.570897750000000,32.721681619999998,37.3416023
-114.577950999999999,32.727702239999999,39.7059288
-114.579620610000006,32.727457559999998,40.4081497
-114.594523240000001,32.726036929999999,37.2555695
-114.594136489999997,32.726948460000003,35.7579994
-114.557432550000001,32.718847140000001,39.0765839
-114.779230049999995,32.631553980000000,29.1184845
-114.679526769999995,32.729258270000003,39.3616524
-114.707896739999995,32.727511649999997,38.3694763
-114.635789050000000,32.715992690000000,41.1632652
-114.637068769999999,32.715007120000003,41.7184410
-114.637762150000000,32.713740190000003,40.5312500
-114.663891090000007,32.676696990000003,36.7173347
-114.713374040000005,32.675246209999997,37.4447708
-114.711764950000003,32.638718240000003,31.2262077
-114.521409610000006,33.216874689999997,325.8478394
-114.461829309999999,33.094110999999998,182.2452087
-114.388932170000004,33.055770760000001,166.8948517
-114.510603939999996,33.023081259999998,57.2299995
-114.605987780000007,33.026320660000003,60.8604088
-114.487107109999997,33.021467620000003,67.8957596
-114.364669370000001,32.957317500000002,156.9369812
-113.474570029999995,33.118510219999997,238.4076385
-113.864165929999999,33.094595269999999,245.9633942
-113.355060030000004,33.053936229999998,183.1056976
-113.149706399999999,32.998413679999999,152.9136353
-113.784081009999994,32.968081720000001,166.6389313
-113.902275570000000,32.708656329999997,101.1781387
-112.340826559999996,32.767252300000003,650.0559082
-112.362615689999998,32.677577970000002,821.8421631
-112.664067290000006,33.212079029999998,260.7604370
-112.760076960000006,33.197811940000001,223.1479950
-112.348224529999996,33.193219069999998,357.1195374
-112.527269910000001,33.142266669999998,413.4230042
-112.940060070000001,33.128084190000003,310.7680054
-112.464986319999994,33.121370749999997,427.3580627
-112.640188100000003,33.098120010000002,257.6420898
-112.836349119999994,33.089291109999998,238.5231781
-112.487594999999999,33.080746949999998,562.2348633
-112.306754810000001,33.071464589999998,398.7258301
-112.351644910000005,33.002810810000000,460.2523499
-112.971380289999999,32.997013170000002,189.0603638
-112.597480210000001,33.002803170000000,292.9330750
-112.757788550000001,32.973018070000002,200.7521057
-112.499508190000000,32.910678810000000,414.4635010
-112.519517620000002,32.896631270000000,402.4910889
-112.656566630000000,32.878740600000000,278.0266418
-112.593474689999994,32.636038759999998,524.9708252
-112.908267699999996,32.714743069999997,286.6243591
-112.818782690000006,32.644524390000001,383.5778809
-112.773382639999994,32.633829849999998,442.2562866
-112.905429909999995,32.613182750000000,328.7326355
-111.644458560000004,33.079614849999999,399.3855896
-112.086916939999995,33.105223350000003,342.0247803
-112.085016440000004,33.100262160000000,342.9161682
-112.019893470000000,33.030114779999998,364.2608643
-111.812822519999997,33.061366300000003,421.1155701
-112.090578719999996,33.051175250000000,358.7230225
-112.272157120000003,32.896589579999997,501.7749939
-112.282112260000005,32.870346470000001,518.8424072
-112.250114510000003,32.857654050000001,518.0404663
-112.294856519999996,32.858046039999998,530.9547729
-112.258553269999993,32.841209720000002,529.3751221
-112.210731839999994,32.840945419999997,551.0576782
-112.281674830000000,32.805279740000003,567.9067993
-112.235943860000006,32.687995950000001,620.1801758
-112.255225370000005,32.672614520000003,637.2094727
-111.877294350000000,32.620952600000003,465.9439697
-111.860754779999994,32.616207320000001,466.7917786
-111.932082440000002,32.817145320000002,408.7903442
-111.946403140000001,32.864791750000002,399.8999939
-111.929018670000005,32.663974740000000,449.9483032
-111.232619630000002,33.201817579999997,714.9879150
-111.326291999999995,33.194442840000001,566.3460083
-110.816020879999996,33.133289900000001,777.0584106
-110.952879300000006,33.092516840000002,541.8259888
-110.771434170000006,33.046660860000003,988.9857178
-111.411909719999997,33.039766440000001,443.1047363
-110.659210889999997,33.008789280000002,741.1945801
-110.823205410000000,33.009076479999997,573.3389893
-111.198030570000000,32.779031199999999,731.1940308
-111.345861720000002,32.691183379999998,568.0203247
-110.755380290000005,32.822565609999998,774.0689087
-109.907376459999995,32.917582789999997,860.3168945
-110.242589820000006,32.904209119999997,1342.7489014
-110.489959400000004,33.017966299999998,1085.9530029
-110.460267790000003,32.891331620000003,961.1749268
-110.600700599999996,32.862924120000002,738.0245972
-110.321284469999995,32.706672140000002,1294.7725830
-110.258000319999994,32.772824640000003,1130.7418213
-110.538557920000002,32.729393539999997,950.3303223
-110.579611540000002,32.703327459999997,796.5913696
-110.604487379999995,32.667774680000001,742.6919556
-110.080842610000005,32.641934249999998,1385.1005859
-110.174716250000003,32.654042740000001,1262.5274658
-109.549782039999997,33.186121229999998,1511.3977051
-109.560981850000005,33.162276390000002,1540.0014648
-109.527599839999993,33.161488259999999,1363.3381348
-109.523787670000004,33.160896819999998,1350.7363281
-109.755912109999997,32.964099419999997,1045.3900146
-109.514211000000003,32.947463900000002,1033.3992920
-109.668317070000001,32.905517119999999,1023.9320068
-109.475193750000003,32.909893169999997,1035.9619141
-109.476893520000004,32.908584720000000,1031.0219727
-109.571247170000007,32.869641549999997,967.2408447
-109.771731990000006,32.712464619999999,1194.0394287
-109.735193080000002,32.692405309999998,1109.6008301
-109.367032379999998,32.720337720000003,1164.3947754
-109.662273310000003,32.601412770000003,1150.4927979
-109.329109790000004,32.597938100000000,1105.2718506
-109.164680550000000,33.016918599999997,1304.5882568
-109.299063320000002,32.968577480000000,1054.2089844
-109.254420429999996,32.951202729999999,1036.4992676
-109.208543610000007,32.925705440000002,1054.9066162
-109.192019029999997,32.926797749999999,1081.8643799
-109.156794410000003,32.878298209999997,1134.1286621
-109.214935470000000,32.868564169999999,1138.3195801
-109.196978520000002,32.867847580000003,1070.3963623
-109.138688470000005,32.844497560000001,1165.8703613
-109.183276919999997,32.839556219999999,1082.8966064
-109.180964230000001,32.804163180000003,1101.2906494
-109.067645479999996,32.764063999999998,1195.2856445
-109.073400169999999,32.753707640000002,1174.8078613
-109.172522580000006,32.762482630000001,1127.4782715
-109.064905339999996,32.623695020000000,1170.3365479
-109.067418459999999,32.636307100000003,1164.3205566
-109.344916209999994,33.204412599999998,1699.2359619
-109.215038919999998,33.194597209999998,1151.7659912
-109.121677109999993,33.175116709999998,1353.4730225
-109.127232309999997,33.180017880000001,1304.1994629
-109.352379470000002,33.088641060000000,1243.5915527
-109.092518209999994,33.122020229999997,1652.1434326
-109.353234430000001,32.993477140000003,1009.1541138
-113.979489839999999,33.725992220000002,404.9080811
-114.312064100000001,33.782174030000000,188.1937103
-114.300101729999994,33.766417089999997,187.4301453
-114.161647919999993,33.765045160000000,300.8870239
-114.352223870000003,33.732561699999998,204.6579285
-114.133810319999995,33.712685590000000,352.5902710
-114.224763740000000,33.736303769999999,244.5800781
-114.241697200000004,33.717944650000000,235.9468689
-114.242490630000006,33.708348860000001,242.2413788
-114.225974059999999,33.702663059999999,245.3762207
-114.157750640000003,33.668642900000002,326.2336121
-114.151328699999993,33.600419080000002,379.2747192
-114.265591209999997,33.650159019999997,299.1879883
-114.187792200000004,33.599103460000002,337.5129700
-114.228277050000003,33.644483700000002,278.4575806
-114.236880360000001,33.629284759999997,291.4790039
-114.193130190000005,33.588492520000003,346.8446045
-114.145543079999996,33.543326190000002,417.7313232
-114.252622529999996,33.529528149999997,325.0614319
-114.039155969999996,33.484295639999999,558.0403442
-114.259365419999995,33.424017980000002,367.5182495
-114.468330660000007,33.751571179999999,88.8955002
-114.497335149999998,33.624117280000000,93.7881088
-114.513483590000007,33.609060679999999,87.8976974
-114.478040550000003,33.479929069999997,194.4690857
-114.623234560000000,33.454914570000000,71.2508163
-114.476988309999996,33.443074789999997,219.4450836
-114.399196919999994,33.371784359999999,317.4571838
-114.355235500000006,33.338826490000002,374.2607422
-114.317698239999999,33.330261649999997,404.2210083
-114.327559050000005,33.301336339999999,444.9393921
-113.463862509999998,33.666641849999998,469.6950073
-113.296193549999998,33.652510700000001,477.1719971
-113.224492549999994,33.649212939999998,513.4490967
-113.246105520000000,33.628405219999998,470.5876160
-113.227838460000001,33.424714010000002,367.9111633
-113.789596700000004,33.703524659999999,358.6917725
-113.702735799999999,33.680434910000002,414.7056885
-113.790361110000006,33.572152090000003,411.6623230
-113.820923120000003,33.516793810000003,493.0451050
-113.814888289999999,33.515702990000001,487.3900757
-113.921058110000004,33.502010249999998,567.6848145
-113.734663710000007,33.413999720000000,517.0980225
-113.889876060000006,33.351364330000003,721.3119507
-113.783548109999998,33.308645509999998,556.3675537
-113.648258080000005,33.295633199999997,419.1416931
-112.897953900000005,33.689726810000003,527.1720581
-112.833254019999998,33.627417690000001,448.4705811
-112.917095300000000,33.450067150000002,314.6156311
-112.899685109999993,33.435622350000003,305.3979187
-112.898402349999998,33.364885110000003,279.4159851
-112.794172180000004,33.318464509999998,245.7190704
-112.889473600000002,33.308217139999996,261.0116577
-113.073942320000000,33.313123730000001,313.1342773
-112.832892580000006,33.293536000000003,244.4270020
-112.878958190000006,33.294311059999998,262.0892639
-112.469920230000000,33.818404070000000,567.0353394
-112.472650849999994,33.740418390000002,462.7200317
-112.330422780000006,33.701523360000003,392.3966370
-112.315750739999999,33.661909760000000,360.6711121
-112.826892939999993,33.716724659999997,493.9464417
-113.065345730000004,33.771510900000003,679.7766113
-112.690173939999994,33.768353089999998,493.6040649
-112.678730250000001,33.761306449999999,484.2432251
-112.687749580000002,33.740772090000000,471.2910767
-112.722680650000001,33.645692940000004,409.5987244
-112.830097480000006,33.622659030000001,445.1654053
-112.738631420000004,33.586121310000003,377.2922058
-112.766545890000003,33.550318730000001,375.4297485
-112.643597790000001,33.477631539999997,379.9697571
-112.799786350000005,33.388763070000003,285.7590027
-112.720488380000006,33.323060640000001,245.1347198
-112.200305000000000,33.779206760000001,462.1717224
-112.280482770000006,33.806638220000004,415.5723267
-112.109781209999994,33.741264680000000,462.0415344
-112.273943200000005,33.712967530000000,401.2723694
-112.045915359999995,33.706870539999997,471.1862793
-112.110804669999993,33.602110160000002,390.1894836
-111.540729029999994,33.362887489999999,481.8965454
-111.877297760000005,33.646475180000003,490.9855957
-111.916589990000006,33.562022499999998,401.9071655
-111.784073860000007,33.562756059999998,460.8223877
-111.527266269999998,33.555503309999999,467.8813782
-111.714443500000002,33.542176939999997,459.6692810
-111.831102150000007,33.509667250000000,391.5234680
-111.620550170000001,33.513956640000004,585.1593018
-111.518798120000000,33.509533730000001,657.7188110
-111.723499849999996,33.502251540000003,395.6654663
-111.503021439999998,33.794680569999997,740.1023560
-111.669807399999996,33.791755250000001,499.7091370
-111.607079999999996,33.717714729999997,607.5970459
-111.715808080000002,33.724077090000002,582.2716064
-111.674449490000001,33.699728690000001,465.0092468
-111.658118770000002,33.581870430000002,427.2781677
-110.635041430000001,33.394677489999999,996.6432495
-110.643972840000004,33.311450340000000,1079.3853760
-110.682370849999998,33.293708049999999,1039.1099854
-110.962414710000004,33.676039350000003,742.8526611
-110.787976400000005,33.632970229999998,788.6931763
-110.766023219999994,33.632763789999998,915.3988647
-110.776187510000000,33.620838640000002,907.4877930
-111.088496199999994,33.566065299999998,947.2830200
-111.083936589999993,33.527932579999998,999.9858398
-110.779064030000001,33.504998430000001,1254.8049316
-111.040450860000007,33.447214099999997,963.4582520
-110.905521719999996,33.435908810000001,1194.5885010
-110.947571499999995,33.348453110000001,1340.2945557
-110.947665630000003,33.355135429999997,1285.4261475
-111.286254560000003,33.813651110000002,685.6115723
-111.333448070000003,33.752809829999997,1362.4821777
-111.203805040000006,33.763994330000003,655.8276978
-111.145315220000001,33.759772179999999,871.7262573
-111.268292709999997,33.720566040000001,873.0870972
-111.359012989999997,33.340845500000000,614.9470215
-111.235506220000005,33.309315280000000,669.6429443
-111.204737910000006,33.303192590000002,695.2140503
-111.344784610000005,33.277069079999997,573.5881348
-111.324184650000007,33.255596199999999,585.5012207
-111.363570330000002,33.238070810000004,549.1580811
-111.263803760000002,33.231327420000000,652.4447021
-111.373261600000006,33.707839010000001,1243.8253174
-111.396317699999997,33.648823690000000,858.1378784
-111.319113299999998,33.621078740000002,781.5696411
-111.416386700000004,33.642200610000003,747.0415649
-111.209066730000004,33.631026980000001,583.7053833
-111.197985619999997,33.595053479999997,628.5668335
-111.353591820000005,33.568268889999999,525.6348267
-111.307426730000003,33.525639320000003,669.9998169
-111.372668030000000,33.523371769999997,590.1432495
-111.404681449999998,33.496724589999999,589.8563843
-111.262238800000006,33.499055190000000,873.5059814
-110.163298710000007,33.566428199999997,1581.9630127
-110.210232849999997,33.553591160000003,1434.2998047
-110.210211139999998,33.530475199999998,1425.5999756
-110.415011550000003,33.409682490000002,851.9022217
-110.471302269999995,33.508773939999998,1036.0780029
-110.345898270000006,33.476469860000002,1155.1163330
-110.096123849999998,33.482630190000002,1586.6577148
-110.169062870000005,33.456723040000000,1316.1900635
-110.525877820000005,33.470245089999999,965.7235107
-110.502542399999996,33.447886290000000,912.7752686
-110.268331660000001,33.474340699999999,1277.8031006
-110.188168660000002,33.450869279999999,1277.1779785
-110.044187820000005,33.416685000000001,1411.6000977
-110.339965550000002,33.368168609999998,1115.4138184
-110.628531870000003,33.382096920000002,972.3860474
-110.046933069999994,33.350954129999998,1493.3099365
-110.500096330000005,33.346717630000001,854.0678711
-109.875798779999997,33.717997820000001,1903.9683838
-110.040696729999993,33.656364410000002,1682.2790527
-110.140757309999998,33.665518720000001,1365.7757568
-110.061581239999995,33.567734569999999,1574.0668945
-109.893062040000004,33.435697849999997,1853.8105469
-110.016544199999998,33.800664040000001,1548.4566650
-110.125497679999995,33.817954340000000,1560.5749512
-110.149283190000006,33.765609859999998,1445.9107666
-110.152224129999993,33.763350559999999,1439.2985840
-110.066640559999996,33.756305730000001,1450.9301758
-110.084929520000003,33.753890130000002,1426.6370850
-110.606880610000005,33.754119690000003,1293.5810547
-110.331754619999998,33.653083350000003,1685.3623047
-110.180141039999995,33.245786209999999,935.6225586
-109.241064219999998,33.832087170000001,2593.3769531
-109.242905280000002,33.831344440000002,2590.0749512
-109.517187539999995,33.800469880000001,2580.9250488
-109.674888240000001,33.823928230000000,2435.4455566
-109.785054479999999,33.698558689999999,1910.5432129
-109.482615019999997,33.710487829999998,2163.4833984
-109.468184949999994,33.737876210000003,2345.3620605
-109.516843089999995,33.652981529999998,2002.8029785
-109.386335829999993,33.720194149999998,2173.0141602
-109.669562889999995,33.680093079999999,2162.5102539
-109.482632210000006,33.679876080000000,2039.3572998
-109.570874270000004,33.621840429999999,1912.6658936
-109.575152290000005,33.619327830000003,1911.0482178
-109.685500529999999,33.543101810000003,1809.3641357
-109.780776540000005,33.799176600000003,2094.5178223
-109.499768200000005,33.524317869999997,1808.6645508
-109.681376139999998,33.434628979999999,1878.3376465
-109.608785420000004,33.356838570000001,1640.7388916
-109.683242289999995,33.257632039999997,1805.1799316
-109.507941520000003,33.260922839999999,1358.7244873
-109.140092319999994,33.734496460000003,2108.4201660
-109.074482320000001,33.691921440000002,1881.9938965
-109.101119949999998,33.654721989999999,1820.8104248
-109.293827449999995,33.587856559999999,2121.0664062
-109.282210419999998,33.584525870000000,2047.7857666
-109.294997060000000,33.585157129999999,2140.9494629
-109.097987979999999,33.436234880000001,1672.5659180
-109.130028050000007,33.414939980000000,1558.7191162
-109.158554179999996,33.404077239999999,1463.1235352
-109.301364399999997,33.319828090000001,1607.6619873
-109.352881130000000,33.242778250000001,1915.6447754
-109.288269549999995,33.261192330000000,1524.8151855
-109.091658300000006,33.238219919999999,1252.9721680
-114.074443459999998,34.435613070000002,522.7166748
-114.024424920000001,34.411842810000003,439.5928040
-114.121081939999996,34.303937830000002,137.0700073
-114.316750870000007,34.046757589999999,114.7673416
-114.272855809999996,34.024410459999999,150.9562683
-114.167029180000000,33.993176859999998,211.1639862
-113.987882389999996,33.961624929999999,306.4470215
-113.993037509999994,33.904700079999998,300.1270142
-114.309050589999998,34.431348110000002,137.0700073
-114.060242009999996,34.105109740000003,315.9688416
-114.355875569999995,34.059310250000003,104.7014465
-114.434775119999998,34.037385550000003,96.6800003
-113.206587060000004,34.390591530000002,570.3334961
-113.418279639999994,34.221863489999997,456.6549683
-113.179557650000007,34.192329139999998,695.9256592
-113.318606549999998,34.190396960000001,559.4110718
-113.262408539999996,34.164749720000003,613.7975464
-113.920912779999995,34.363105509999997,416.1242065
-113.917251289999996,34.316536339999999,332.0147705
-113.826982540000003,34.290551559999997,351.7200623
-113.561606299999994,34.276468289999997,334.4599915
-113.669076380000007,34.213341010000001,270.3192444
-113.847105490000004,34.249897380000000,217.2553406
-113.471004530000002,34.212971109999998,460.9967041
-113.444008479999994,34.206330989999998,494.8394775
-113.692282149999997,34.173990959999998,351.5637817
-113.447848789999995,34.117799429999998,661.0727539
-113.415194439999993,34.069218360000001,880.6159058
-113.219914259999996,33.986127949999997,652.0784912
-113.269454449999998,33.952920360000000,637.4896240
-113.260525860000001,33.944674610000000,641.9930420
-113.495885290000004,33.857961860000003,585.3815918
-113.593078790000007,34.092282300000001,561.0401001
-113.585990850000002,34.074659099999998,568.6175537
-113.625520850000001,34.066717089999997,533.3300171
-113.636328370000001,33.992949570000000,553.9858398
-113.920355160000000,33.994388520000001,377.6822510
-113.788557040000001,33.982223500000003,432.2701416
-113.767686979999993,33.862645389999997,533.9998779
-113.524128649999994,34.340931859999998,360.6247864
-112.669370380000004,34.427228280000001,1262.8894043
-113.090105840000007,34.459065279999997,671.4409180
-113.046624899999998,34.470816370000001,715.8820190
-113.124565279999999,34.367255190000002,608.6336060
-112.876209149999994,34.308083609999997,1050.0430908
-113.065171870000000,34.305483729999999,859.0900269
-112.901443159999999,34.278611580000003,995.7803345
-113.038016229999997,34.219893669999998,854.7876587
-113.058366840000005,34.208751730000003,833.2829590
-112.944289049999995,33.981392079999999,750.7119751
-112.443078240000006,34.050841130000002,811.5923462
-112.422954200000007,34.040022890000003,789.6137695
-112.368697789999999,34.045010519999998,816.4676514
-112.397386170000004,33.979218260000003,721.2481689
-112.490231320000007,34.333088560000000,1262.6917725
-112.579965869999995,34.230914349999999,1091.6041260
-112.832470509999993,34.171320190000003,908.5067749
-112.832266219999994,34.154710110000003,887.7666016
-112.802750489999994,34.090551320000003,793.8389893
-112.595463449999997,34.113574509999999,813.5689087
-112.762779870000003,34.094055230000002,832.1506958
-112.722506820000007,33.940862350000003,639.5428467
-112.623740119999994,33.931002610000000,682.1845703
-112.624987099999998,33.930102740000002,680.0772705
-111.898415470000003,34.398826489999998,1463.0240479
-112.200484540000005,34.367527180000003,1296.2540283
-112.198839210000003,34.365712600000002,1287.0887451
-112.301515199999997,34.211636120000001,1347.8243408
-111.803807860000006,34.418939049999999,1002.2959595
-111.577733989999999,34.376896879999997,1428.5029297
-111.711988509999998,34.359083859999998,800.0563354
-111.738711420000001,34.310891349999999,1034.2766113
-111.796831240000003,34.146447799999997,854.5234985
-111.787522699999997,34.136804570000002,836.1641235
-111.710998959999998,34.084567800000002,631.9600830
-111.564295819999998,34.074359510000001,992.3538208
-110.657032580000006,34.457002729999999,2030.6468506
-110.752030890000000,34.416139209999997,2116.1237793
-110.887983109999993,34.370981250000000,2108.9501953
-110.954766669999998,34.339376330000000,2291.1030273
-110.800598129999997,34.248450880000000,1928.9727783
-110.691474130000003,34.141770309999998,1696.4831543
-110.692802639999996,34.006859769999998,1375.7166748
-110.795615280000007,33.938287459999998,1582.8477783
-110.708853309999995,33.907373030000002,1414.4755859
-110.989153590000001,33.875589560000002,1554.2595215
-111.020924769999993,34.313533219999997,1754.7135010
-111.093725300000003,34.321524799999999,1623.0468750
-111.118024969999993,34.258155719999998,1599.8023682
-111.095138129999995,34.218319020000003,1272.1036377
-111.337317850000005,34.074995620000003,894.9881592
-111.104403410000003,33.993681770000002,1538.5203857
-111.292686669999995,33.994514189999997,794.2658691
-111.347516650000003,33.978892180000003,884.9709473
-111.057529660000000,33.968227730000002,1566.4669189
-111.390152279999995,33.959491960000001,957.6178589
-111.305591320000005,33.903196000000001,720.3335571
-111.260138560000001,33.870645019999998,775.7132568
-111.394360440000000,33.881988669999998,1241.2683105
-111.223220240000003,33.856842980000003,898.3968506
-111.358039340000005,33.862238750000003,952.9851074
-111.033143740000000,34.457072289999999,2192.3522949
-111.452356660000007,34.344929520000001,1431.2122803
-111.367985390000001,34.286121199999997,1371.3262939
-111.455186819999994,34.237142640000002,1073.7116699
-110.087112140000002,34.465439830000001,1710.7160645
-110.381475800000004,34.436736449999998,1905.5197754
-110.365304219999999,34.456979310000001,1883.0402832
-110.164512599999995,34.465200160000002,1746.6470947
-110.244785539999995,34.450978239999998,1792.3905029
-110.008924280000002,34.417217559999997,1756.4097900
-110.046661839999999,34.433013480000000,1732.0065918
-110.233521069999995,34.425597770000003,1817.8726807
-110.046574300000003,34.392564640000003,1756.8961182
-110.125083709999998,34.384813719999997,1766.0272217
-110.339274829999994,34.291739520000000,1995.2645264
-110.370928329999998,34.341133710000001,1983.2435303
-109.909340520000001,34.320892600000001,1890.2641602
-109.911080679999998,34.321895150000003,1886.1820068
-110.031482920000002,34.264558909999998,1921.4727783
-109.810939200000007,34.236631760000002,2143.4301758
-109.811821179999995,34.256231829999997,2075.4965820
-109.841132130000005,34.156054070000003,2239.1086426
-109.849699970000003,34.157017680000003,2222.5822754
-109.838660849999997,34.038712009999998,1950.4492188
-109.890022479999999,33.992880280000001,1840.4494629
-109.848870280000000,33.957273450000002,2234.9904785
-109.913658499999997,33.976563730000002,1785.7808838
-109.929804590000003,33.874766080000001,1647.3702393
-110.508640569999997,34.132673850000003,1632.0109863
-110.514476270000003,34.214302930000002,1801.9326172
-110.441828720000004,34.207773830000001,1775.1232910
-110.486907520000003,34.192473069999998,1744.3464355
-110.278666099999995,34.072872400000001,1602.4515381
-110.457021319999996,34.172630419999997,1706.5236816
-110.208220089999998,34.154048840000002,1804.0050049
-110.127094970000002,34.124205889999999,1817.0690918
-110.186845730000002,34.088934010000003,1730.0377197
-110.309225830000003,34.045659329999999,1504.7312012
-110.229906119999995,34.026150889999997,1554.0446777
-110.290456660000004,33.996030419999997,1466.4799805
-110.178012659999993,33.969150399999997,1692.6467285
-110.139841989999994,33.966846390000001,1682.8735352
-110.249588299999999,33.943490500000003,1487.3007812
-110.151919680000006,33.949117289999997,1616.9830322
-110.266487760000004,33.944651380000003,1412.4581299
-110.177314370000005,33.898182530000000,1504.0228271
-110.319416029999999,33.882950260000001,1511.6188965
-110.285580940000003,33.866898669999998,1325.4110107
-110.216957940000000,33.865543240000001,1462.9110107
-109.188052560000003,34.416272390000003,2018.1936035
-109.048929709999996,34.297145890000003,2103.6098633
-109.361275960000000,34.308537800000003,1835.6467285
-109.313563259999995,34.291090279999999,1907.7249756
-109.392578360000002,34.275141150000003,1902.2897949
-109.421631360000006,34.240197070000001,1996.3452148
-109.166531960000000,34.234722079999997,2107.3156738
-109.222522400000003,34.245925450000001,2018.6412354
-109.414699389999996,34.194835879999999,2091.9641113
-109.407203359999997,34.180900940000001,2128.2709961
-109.309376420000007,34.115904250000000,2134.3259277
-109.297280770000000,34.129684400000002,2122.2985840
-109.241895670000005,34.104038760000002,2189.5710449
-109.356774279999996,34.100966990000003,2179.2927246
-109.065955680000002,34.013275909999997,2426.4841309
-109.454633509999994,34.010048970000000,2538.4921875
-109.199410610000001,33.985495409999999,2296.0488281
-109.452695829999996,33.986314399999998,2597.2707520
-109.210424849999995,33.944556439999999,2341.7370605
-109.160307470000006,33.949230460000003,2581.2382812
-109.214115340000006,33.910736270000001,2434.6081543
-109.147389939999996,33.919762409999997,2607.6677246
-109.475429969999993,33.888361709999998,2694.6716309
-109.709143830000002,34.105494409999999,2508.1130371
-109.774932350000000,34.081375319999999,2328.5747070
-109.718103279999994,34.052994599999998,2408.9260254
-109.790372989999995,34.046200740000003,2093.9824219
-109.692554580000007,34.037903999999997,2476.5019531
-109.770724549999997,33.994534289999997,2431.9628906
-109.705774680000005,34.023501950000004,2419.0810547
-109.706383840000001,33.919819560000001,2655.6931152
-109.472037659999998,34.471208470000001,1778.7501221
-109.127180769999995,34.302418670000002,2142.8483887
-109.398730680000000,34.382602239999997,1802.4305420
-109.653634240000002,34.305914319999999,2015.5955811
-109.648988720000006,34.243774799999997,2144.3408203
-113.969750770000005,34.576073739999998,662.8549805
-114.140608889999996,35.087168130000002,774.3771973
-114.241991060000004,35.076803890000001,707.9506836
-114.087736039999996,34.976598340000002,744.2144165
-114.190496710000005,34.971818939999999,619.9148560
-114.176285660000005,34.883856590000001,535.1240234
-114.165211360000001,34.837870500000001,497.0144348
-114.103615800000000,34.797726279999999,591.8951416
-114.446632159999993,34.746214150000000,166.3895874
-114.186979420000000,34.737278600000003,423.2669067
-114.245307510000004,34.743786200000002,359.2243042
-114.266565240000006,34.738199170000001,336.6405640
-114.177877219999999,34.731748039999999,435.0250854
-114.373817709999997,34.733474119999997,232.4361420
-114.027012979999995,34.727555420000002,706.4247437
-114.086130150000002,34.714175660000002,565.8346558
-114.204686260000003,34.694064550000000,461.1524353
-114.519594290000001,35.032568699999999,345.7635498
-114.633111900000003,34.923570980000001,
-114.511855199999999,34.857111330000002,170.1845703
-114.491323820000005,34.747726940000000,141.8271637
-114.488135439999994,34.727730000000001,139.0426331
-113.372401069999995,34.870378250000002,1364.8886719
-113.375753939999996,34.803505289999997,1296.7375488
-113.208054509999997,34.783450279999997,1067.6546631
-113.300245340000004,34.707831939999998,1312.2669678
-113.296882220000001,34.716749870000001,1303.7778320
-113.242589109999997,34.728499489999997,924.8975220
-113.342294600000002,34.624767700000000,942.8430786
-113.352009240000001,34.611216419999998,812.5792236
-113.232262960000000,34.607488609999997,841.7924194
-113.519837640000006,34.574658849999999,600.0734253
-113.333499639999999,34.517198550000003,901.0770264
-113.466054589999999,34.504697159999999,754.9169922
-113.460816100000002,34.522618700000002,609.0451050
-113.286316900000003,34.521822770000000,1073.6855469
-113.225198879999994,34.542270219999999,1115.8415527
-113.248418540000003,34.495177220000002,938.5229492
-113.194444160000003,34.474036269999999,839.7984619
-113.782066580000006,34.654971000000003,1086.5017090
-113.887712579999999,34.611743199999999,826.4619751
-113.851762530000002,34.609901960000002,872.9561157
-113.824777949999998,34.583727439999997,892.8300171
-113.916774009999997,34.574657150000000,741.4102783
-113.156403760000003,35.068069829999999,1582.5264893
-113.370066739999999,35.013773700000002,1240.0393066
-113.264343909999994,35.015093700000001,1534.1446533
-113.226921989999994,35.000734039999998,1586.7829590
-113.407858890000000,34.979197700000000,1220.9600830
-113.877594360000003,34.947373939999999,1460.3489990
-113.800440969999997,34.856809859999998,1325.2004395
-113.620824099999993,34.829228340000000,669.7631836
-113.661350749999997,34.754094580000000,747.0439453
-113.559506619999993,34.614683870000000,553.2867432
-113.507842659999994,34.610810819999998,685.9514160
-113.586263020000004,34.602480129999996,508.2864685
-113.538428999999994,34.600714640000000,616.1892700
-113.029517249999998,34.813683619999999,1721.4965820
-112.954995440000005,34.811586320000004,1822.9614258
-112.975994069999999,34.762853710000002,1752.4888916
-113.034141280000000,34.710427840000001,1582.4119873
-113.077778499999994,34.678530700000003,1460.1948242
-113.132852069999998,34.706014070000002,1347.8892822
-112.719901620000002,34.538409930000000,1381.9788818
-113.050061150000005,34.484288769999999,695.3857422
-113.071240959999997,34.474481939999997,683.3819580
-112.605853269999997,35.074602280000001,1563.0742188
-112.696972009999996,34.963146739999999,1419.8970947
-112.580671429999995,34.957870509999999,1356.9344482
-112.904274389999998,34.878451890000001,1672.1485596
-112.710361649999996,34.882321670000003,1448.4366455
-112.816980470000004,34.805338769999999,1565.9511719
-112.435207879999993,34.787855659999998,1382.8543701
-112.387441310000000,34.799415000000003,1432.6644287
-112.334055989999996,34.688547839999998,1477.8233643
-112.507392539999998,34.535714400000003,1713.8837891
-111.496484850000002,35.063683220000001,2080.6420898
-111.521477770000004,35.040124980000002,2112.1159668
-112.236992250000000,34.679083669999997,1623.9095459
-112.269519590000002,34.567512899999997,1439.3393555
-111.950492620000006,35.071232780000003,1555.7224121
-111.661868479999995,34.944272069999997,1971.3769531
-112.278140570000005,34.918166849999999,1203.1921387
-112.293882199999999,34.903482480000001,1213.0683594
-111.494869940000001,34.874449050000003,2221.7048340
-111.599257730000005,34.866555450000000,1956.9180908
-111.882350970000005,34.854294729999999,1250.1260986
-111.878344929999997,34.822919499999998,1170.3289795
-111.875140509999994,34.821236360000000,1154.0290527
-111.845550639999999,34.813286720000001,1159.7906494
-112.209888820000003,34.804874640000001,1458.2329102
-112.105995399999998,34.790831630000000,1276.2053223
-111.738729989999996,34.662970139999999,1110.8448486
-111.914993609999996,34.706834659999998,1000.3980713
-111.688497380000001,34.646005180000003,1255.1431885
-111.952092149999999,34.596523429999998,1077.5410156
-111.679419760000002,34.535921139999999,1121.7216797
-111.745841170000006,34.515922430000003,1009.0233154
-110.639745529999999,34.706417369999997,1775.5754395
-110.694017729999999,34.703705560000003,1726.0849609
-110.678262880000005,34.719640300000002,1731.4768066
-110.765052429999997,34.620445629999999,1849.3056641
-110.749768529999997,34.497549280000001,2011.7991943
-110.733271259999995,34.542478639999999,1965.5422363
-110.821233770000006,34.612489519999997,1956.6069336
-110.779119120000004,34.607064630000004,1856.7384033
-110.876133030000005,34.555911799999997,1997.3347168
-111.237615890000001,35.008292959999999,1865.4836426
-111.069861970000005,35.045759840000002,1657.9140625
-111.138635989999997,34.937858849999998,1803.8294678
-111.298971440000003,34.919552500000002,2127.8164062
-111.102366390000000,34.901564630000003,1758.5623779
-110.667917299999999,35.075658779999998,1472.9255371
-110.926568050000000,34.761071889999997,1732.7839355
-110.956027460000001,34.544474139999998,2097.1027832
-111.303613369999994,34.493783469999997,2126.3105469
-111.160854760000007,34.525380079999998,2050.4211426
-111.147310869999998,34.503797429999999,2122.2917480
-111.358672609999999,34.651456359999997,2060.3283691
-110.070516960000006,34.639869410000003,1629.4489746
-110.099590669999998,35.082225399999999,1595.7211914
-110.162478770000007,35.018692219999998,1573.5963135
-110.172358020000004,34.960657310000002,1558.3238525
-110.531961740000000,34.906232260000003,1498.5527344
-110.576589819999995,34.745734880000001,1713.1160889
-110.557327060000006,34.740343940000002,1727.4538574
-110.535082860000003,34.569752270000002,1833.0689697
-110.525204650000006,34.587065170000002,1817.5142822
-110.598630270000001,34.525808490000003,1938.5639648
-110.598497060000000,34.526337290000001,1938.0063477
-110.076943290000003,34.803996859999998,1588.7838135
-109.881235630000006,34.755444369999999,1619.4555664
-109.875827979999997,34.623783439999997,1653.6085205
-109.874670769999994,34.684198590000001,1616.0097656
-109.815788690000005,35.083225290000001,1651.9945068
-109.869051459999994,35.056571660000003,1633.7252197
-109.845930659999993,35.061198820000001,1637.6496582
-109.822021590000006,34.963359169999997,1614.8685303
-109.879485689999996,34.964635610000002,1603.8222656
-110.054290510000001,34.912174520000001,1564.9479980
-110.123010660000006,34.890374270000002,1555.0322266
-110.521078970000005,34.954030590000002,1495.8044434
-110.231599390000000,34.839909759999998,1589.7714844
-110.318256210000001,34.746257360000001,1721.1597900
-109.107746879999993,34.677206910000002,1939.1818848
-109.126460539999997,34.654499580000000,1898.5943604
-109.128146529999995,34.654564940000000,1893.4543457
-109.140503109999997,34.630607480000002,1846.8742676
-109.066976359999998,34.634447389999998,1929.9765625
-109.371092399999995,34.625386059999997,1703.6010742
-109.330151119999996,34.617701349999997,1710.9449463
-109.303107510000004,34.615183840000000,1716.8409424
-109.087282419999994,34.605091479999999,1858.0175781
-109.101724790000006,34.591096669999999,1829.8562012
-109.071814630000006,34.597677439999998,1847.9689941
-109.295480949999998,34.574647540000001,1748.0031738
-109.095075820000005,34.580420400000001,1845.6330566
-109.096064709999993,34.572066999999997,1859.0808105
-109.114818740000004,34.540467159999999,1791.8631592
-109.223394529999993,34.494178130000002,1871.2266846
-109.209140619999999,34.505754809999999,1843.1451416
-109.052032609999998,34.520946639999998,1822.3977051
-109.167622629999997,35.081176130000003,1970.2702637
-109.225825839999999,34.980021970000003,1919.5898438
-109.136559239999997,34.976226890000000,1966.4594727
-109.165099990000002,34.949734479999996,1966.6121826
-109.182888919999996,34.936926479999997,1944.9987793
-109.202216370000002,34.926185359999998,1928.2001953
-109.346200589999995,34.799749660000003,1764.8970947
-109.171200249999998,34.796682230000002,1780.9477539
-109.251662899999999,34.729973469999997,1747.9758301
-109.205207139999999,34.726913580000002,1775.2125244
-109.633495370000006,34.691743090000003,1667.6267090
-109.400139409999994,34.703704320000000,1720.2860107
-109.165420949999998,34.702588380000002,1811.5766602
-109.300478830000003,34.683995189999997,1721.7911377
-109.367904440000004,34.665942530000002,1705.1248779
-109.340626470000004,34.665868570000001,1711.3221436
-109.484179690000005,34.659573450000003,1683.3452148
-109.586999809999995,34.639749160000001,1658.9168701
-109.499879399999998,34.646477949999998,1679.5627441
-109.480111370000003,34.907335019999998,1873.0285645
-109.589578309999993,34.846960850000002,1744.4167480
-109.615552550000004,34.808263580000002,1707.7780762
-109.739851689999995,34.654353810000003,1637.6455078
-109.752199160000004,34.639715449999997,1636.8044434
-109.441125769999999,34.600516740000003,1692.1300049
-109.365558629999995,34.550714950000000,1717.0872803
-109.286864240000000,34.529615280000002,1804.3144531
-109.494770470000006,34.523769209999998,1777.2738037
-109.412858560000004,34.525890650000001,1775.4312744
-109.417169000000001,34.524540520000002,1777.4696045
-109.761857180000007,35.031428820000002,1646.3970947
-109.461399099999994,35.007666299999997,1896.6429443
-109.636348859999998,35.001150350000003,1677.9066162
-109.643755959999993,34.976315329999998,1682.2454834
-109.626608070000003,34.957630479999999,1699.6829834
-114.398033089999998,35.684550829999999,870.8633423
-114.412498580000005,35.628417059999997,806.2281494
-114.453200580000001,35.596445029999998,938.6869507
-114.378129599999994,35.570469989999999,858.9027100
-114.341085129999996,35.551595110000001,906.9400635
-114.355879610000002,35.529934460000000,902.9499512
-114.400613710000002,35.489662150000001,931.4769897
-114.372815959999997,35.445542379999999,943.2137451
-114.370806320000000,35.470390170000002,920.5239258
-114.397464119999995,35.460921769999999,933.4916382
-114.407171270000006,35.408994759999999,1006.5433960
-114.330497399999999,35.432484420000002,966.7280884
-114.329827940000001,35.403107579999997,1012.4182739
-114.346469819999996,35.398104570000001,1039.6169434
-114.428489619999993,35.413043819999999,1005.5306396
-114.397501840000004,35.379728970000002,1061.4071045
-114.184631929999995,35.307806270000000,1028.2728271
-114.197979470000007,35.155606120000002,768.8601685
-114.073305000000005,35.165277719999999,938.9391479
-114.296585239999999,35.158391289999997,836.8928833
-114.685812609999999,35.670450180000003,196.3500061
-114.497475120000004,35.392375020000003,653.9998169
-114.502423590000006,35.388835129999997,619.4715576
-114.582344980000002,35.354357319999998,241.1821747
-114.492841110000001,35.339653300000002,580.7012939
-114.570508210000000,35.195420910000003,154.1437683
-114.469810800000005,35.196163609999999,604.1342773
-114.506348740000007,35.192156310000001,416.5712280
-114.490423019999994,35.166231250000003,488.0872803
-114.512710479999996,35.153001060000001,378.5179138
-114.409231180000006,35.141472610000001,767.7785645
-114.425895359999998,35.138069059999999,707.3643188
-114.452847809999994,35.117089790000001,562.8572388
-114.432222069999995,35.108301040000001,658.8162842
-114.183692899999997,35.694646159999998,980.1065674
-114.137201149999996,35.596797240000001,991.6078491
-114.108617199999998,35.498831199999998,1025.7304688
-114.018459980000003,35.451157490000000,968.3930664
-113.992935309999993,35.443404270000002,945.9683228
-114.004001889999998,35.306910520000002,1042.2222900
-114.001867129999994,35.304302200000002,1036.8858643
-113.269612179999996,35.663512779999998,1497.0208740
-113.483556480000004,35.555309729999998,1322.9132080
-113.943481579999997,35.685196580000003,923.0090332
-113.328230199999993,35.566127270000003,1591.2366943
-113.381652200000005,35.525160229999997,1499.1677246
-113.786888180000005,35.474558719999997,986.2507935
-113.849289880000001,35.518302839999997,935.1442871
-113.495211510000004,35.498509179999999,1379.1466064
-113.320912070000006,35.482433069999999,1604.6391602
-113.406820470000000,35.471363699999998,1548.3551025
-113.512534830000007,35.474382939999998,1352.9125977
-113.522040390000001,35.472546979999997,1339.0468750
-113.615925799999999,35.467611349999999,1304.7834473
-113.958810040000003,35.293272819999999,987.9512329
-113.867797530000004,35.256330650000002,1111.8333740
-113.173838619999998,35.344124649999998,1625.2430420
-113.174408529999994,35.337021720000003,1624.5430908
-113.450167120000003,35.274016050000000,1577.6041260
-113.473185340000001,35.210747230000003,1450.9997559
-113.286794790000002,35.122680340000002,1511.3164062
-113.801509390000007,35.717190629999997,1470.7551270
-113.580513900000000,35.694980670000000,1197.7650146
-113.715478099999999,35.605723619999999,1485.5758057
-112.322040659999999,35.630298490000001,1739.5336914
-112.837428709999998,35.661353470000002,1847.3339844
-112.407577230000001,35.530000770000001,1758.2812500
-112.500397230000004,35.505184329999999,1724.9528809
-113.075236070000003,35.157748710000000,1676.1070557
-112.888774830000003,35.569108329999999,1807.0660400
-112.857759290000004,35.471170559999997,1733.0141602
-112.548386160000007,35.374105200000002,1642.7915039
-113.016611780000005,35.361008740000003,1630.5279541
-112.835151319999994,35.328930180000000,1615.3759766
-112.385506500000005,35.298014459999997,1765.2847900
-112.595222399999997,35.303975600000001,1591.2166748
-112.813138780000003,35.299152669999998,1633.3814697
-112.627355800000004,35.226531549999997,1552.1422119
-112.930731519999995,35.218387319999998,1521.4443359
-112.801430379999999,35.169910539999997,1449.2617188
-112.695344149999997,35.150461020000002,1432.6624756
-112.709599010000005,35.100295650000000,1414.0208740
-111.630866049999995,35.295016189999998,2530.3818359
-111.698186050000004,35.245120550000003,2210.4116211
-111.540052059999994,35.237596869999997,2018.3524170
-111.570745930000001,35.254346630000001,2154.3317871
-111.655532489999999,35.180108609999998,2091.7421875
-112.190161349999997,35.722067809999999,1780.5689697
-112.063963749999999,35.707014770000001,1871.2819824
-111.979590320000000,35.527029839999997,2032.5393066
-112.269641579999998,35.613857310000000,1721.1722412
-112.243938209999996,35.546460340000003,1756.9077148
-111.951437490000004,35.375598889999999,2210.3852539
-112.267149900000007,35.381731909999999,1842.1307373
-111.669328190000002,35.654112820000002,1739.8089600
-111.772974950000005,35.574467249999998,1884.5455322
-110.732561369999999,35.672665010000003,1579.3577881
-110.732151619999996,35.697021370000002,1616.5512695
-110.801845069999999,35.509748449999996,1515.3336182
-110.842285189999998,35.442715649999997,1495.8189697
-111.067582290000004,35.221994760000001,1516.0339355
-111.257382860000007,35.266653810000001,1689.1535645
-111.454293669999998,35.176456399999999,1895.4890137
-111.458484100000007,35.233529109999999,1928.2797852
-111.126306520000000,35.158269140000002,1613.5731201
-111.285637850000001,35.153220660000002,1775.5997314
-111.208834620000005,35.104379920000000,1762.6411133
-111.370783849999995,35.100504239999999,1921.1322021
-110.750985200000002,35.498036470000002,1516.5767822
-111.023625050000007,35.330299560000000,1425.4033203
-111.064867520000007,35.368713090000000,1420.8137207
-110.781202579999999,35.233226930000001,1448.9498291
-110.720496229999995,35.206497030000001,1457.3903809
-110.745382680000006,35.203220490000000,1454.6400146
-110.741299010000006,35.210175880000001,1453.1679688
-110.634985209999996,35.165161339999997,1472.9365234
-110.665467680000006,35.191241329999997,1463.7177734
-110.918784250000002,35.106190230000003,1512.6007080
-110.895190330000005,35.163377629999999,1457.7052002
-111.154944869999994,35.707403909999996,1383.9279785
-111.161786469999996,35.707881710000002,1378.2265625
-111.174454900000001,35.680578750000002,1408.0623779
-111.458188840000005,35.479248630000001,1716.1402588
-111.337186889999998,35.542477320000003,1376.7861328
-111.258521610000003,35.520894050000003,1317.1494141
-110.938280919999997,35.690647720000001,1524.8400879
-110.893334370000005,35.613989680000003,1530.1179199
-111.085618179999997,35.542872510000002,1418.0001221
-111.120326649999996,35.483809710000003,1399.8444824
-109.835205430000002,35.241891570000000,1693.2440186
-109.995383039999993,35.195746219999997,1657.6467285
-110.042824920000001,35.134845419999998,1618.2590332
-109.897612710000004,35.125407099999997,1689.0920410
-109.918360710000002,35.123585069999997,1675.9145508
-110.276111610000001,35.690620979999998,1754.4063721
-110.395460679999999,35.618024009999999,1692.5101318
-110.252517170000004,35.635488199999998,1775.2767334
-110.405373729999994,35.617392809999998,1689.4670410
-110.138165830000005,35.594825919999998,1827.4748535
-110.510993170000006,35.499093799999997,1638.0959473
-110.359519489999997,35.484458439999997,1812.9427490
-110.608572870000003,35.464597150000003,1569.8071289
-110.338613429999995,35.401558629999997,1798.0488281
-110.250300229999993,35.380779779999997,1863.2789307
-110.377680850000004,35.368609249999999,1728.4313965
-110.345708320000000,35.305155460000002,1761.7755127
-110.388731449999995,35.285717699999999,1719.9073486
-110.401196839999997,35.284892900000003,1711.0734863
-110.468159760000006,35.274607789999997,1651.3369141
-110.448640010000005,35.260664900000002,1669.6586914
-109.872074900000001,35.714357040000003,1916.1077881
-109.910015150000007,35.628915620000001,1858.9971924
-109.883283390000003,35.541012490000000,1810.4838867
-110.072701679999994,35.472843619999999,1790.8016357
-110.165743090000007,35.448041830000001,1957.7725830
-110.141175320000002,35.393402780000002,1803.5402832
-109.882950960000002,35.402601629999999,1750.4189453
-110.172228630000006,35.270651129999997,1639.4638672
-110.176578599999999,35.171851539999999,1609.2509766
-110.187023650000000,35.169446970000003,1599.7741699
-110.126549159999996,35.227763660000001,1641.9437256
-110.491058830000000,35.099343650000002,1563.9307861
-109.137867189999994,35.116095580000000,1980.4317627
-109.419643919999999,35.606185789999998,2109.1071777
-109.470265569999995,35.511384630000002,2042.6231689
-109.513339000000002,35.511837939999999,1952.6640625
-109.533153760000005,35.507156600000002,1964.7861328
-109.511913570000004,35.480909550000000,1933.7362061
-109.321274750000001,35.458556180000002,2157.9306641
-109.634504039999996,35.416183959999998,1928.2836914
-109.698025880000003,35.403126210000003,1884.5653076
-109.547563530000005,35.365634679999999,1829.0054932
-109.719234650000004,35.314661739999998,1792.0292969
-109.729541170000005,35.310805049999999,1780.0269775
-109.721909990000000,35.258966839999999,1730.1798096
-109.306361400000000,35.262021990000001,1845.1021729
-109.463217580000006,35.230721760000002,1809.3078613
-109.416447599999998,35.197858429999997,1753.8476562
-109.178040170000003,35.176690219999998,1870.9584961
-109.468983350000002,35.172329220000002,1735.9849854
-109.471621139999996,35.167686740000001,1734.9493408
-109.746308560000003,35.162529280000001,1725.7969971
-109.786054149999998,35.107001510000003,1674.9355469
-109.607514640000005,35.712443340000000,1927.5441895
-109.698080329999996,35.702833880000000,2012.2178955
-109.608356749999999,35.638234670000003,1961.6445312
-109.725219129999999,35.600457380000002,1880.5579834
-109.635112860000007,35.467014829999997,1963.5297852
-109.079203980000003,35.659242270000000,2041.2011719
-109.093011360000006,35.644819910000002,2042.7032471
-109.097867460000003,35.603804080000003,2024.4307861
-109.134200919999998,35.607795250000002,2141.7998047
-109.097331170000004,35.502031619999997,1985.3437500
-109.209355970000004,35.499949160000000,2174.0744629
-109.165292620000002,35.417235769999998,1940.9714355
-109.266579350000001,35.419042670000003,2122.2873535
-109.244899779999997,35.367387460000003,1995.7104492
-109.196743150000003,35.353075189999998,1874.3311768
-109.119100639999999,35.290511600000002,1841.2648926
-109.113365160000001,35.249850899999998,1883.8603516
-109.050370000000001,35.252217369999997,1975.3989258
-109.090180649999994,35.248748059999997,1920.9855957
-109.107330980000000,35.246574369999998,1890.2271729
-109.088731569999993,35.231515870000003,1907.2419434
-114.465068220000006,36.049993190000002,358.5771484
-114.431310339999996,36.032555209999998,429.3648682
-114.408789700000000,35.978510950000000,548.6127930
-114.453044030000001,35.731086519999998,741.2219849
-114.043927830000001,36.219366960000002,425.3330688
-114.395858840000002,36.143395880000000,329.5499878
-114.415054269999999,36.132543990000002,329.5499878
-113.971602189999999,36.110744480000001,362.4190369
-113.984696170000007,36.091867180000001,519.1414795
-114.138140640000003,36.028162090000002,329.5499878
-114.357172180000006,36.007991699999998,486.5336609
-114.197118130000007,35.890021509999997,808.0911865
-114.009082550000002,36.322754830000001,533.5319214
-113.589076140000003,36.326481129999998,1737.0983887
-113.224108380000004,36.183404740000000,1003.3552856
-113.202849999999998,36.124757610000003,483.2180176
-113.135711319999999,35.944325310000004,1840.1524658
-113.320837339999997,35.975248940000000,450.9088135
-113.561842440000007,35.803560560000001,366.9376526
-113.205869140000004,35.809630689999999,1613.2592773
-113.450363839999994,35.762391170000001,438.7771301
-113.911003890000003,36.034870099999999,1168.3374023
-113.561629080000003,35.986349279999999,903.5786133
-113.674828980000001,35.859692639999999,428.6860046
-113.625970440000003,35.828378350000001,362.7200012
-113.573363779999994,35.824909320000003,365.2200317
-113.896640700000006,35.793752089999998,1583.5012207
-113.713996940000001,35.744862019999999,1453.7585449
-113.693935420000003,35.783071669999998,824.5305176
-113.749001410000005,35.762850190000002,1015.4362793
-112.720387270000003,36.325801960000000,560.5733032
-112.353388440000003,36.320488120000000,1656.6831055
-112.844348370000006,36.276880040000002,557.7960205
-112.859789390000003,36.271948719999997,797.6717529
-112.947032759999999,35.938209669999999,1848.5222168
-112.605026010000003,36.200608090000003,1303.7265625
-112.723779429999993,36.056161789999997,1728.6591797
-112.454420740000003,35.995848100000003,1709.0637207
-112.440703009999993,35.966561319999997,1722.7657471
-112.797299809999998,35.877489650000001,1776.3952637
-112.921882470000000,35.841642309999997,1830.3137207
-112.706838320000003,35.766063580000001,1707.2800293
-112.872751670000000,35.749750409999997,1782.5640869
-113.074416920000004,35.790387269999997,1846.0743408
-112.213402189999996,36.287047710000003,2420.7319336
-112.153076850000005,36.112730419999998,814.2515869
-112.241901100000007,35.867433280000000,1815.4851074
-111.601474449999998,36.207269730000000,1552.2984619
-111.615746200000004,36.138946210000000,1337.2336426
-111.720853939999998,36.101402710000002,1616.7620850
-111.719288460000001,36.083707570000001,1570.0418701
-111.741096839999997,36.039008780000003,1738.9727783
-111.884829220000000,35.954376670000002,2017.8493652
-111.687612150000007,35.869315299999997,2011.9400635
-112.002617950000001,36.242697630000002,2364.3901367
-111.988103830000000,36.109113760000000,1247.6199951
-110.742814069999994,35.771137019999998,1707.7989502
-111.380825490000007,35.857588610000001,1264.2774658
-111.292273489999999,35.827304400000003,1298.9664307
-111.360890620000006,35.836858149999998,1262.6992188
-111.319964100000007,35.797909290000000,1271.8604736
-111.439375889999994,35.785089300000003,1363.3862305
-110.667151009999998,36.003505130000001,1755.8421631
-110.860980240000004,35.846021999999998,1625.3312988
-110.882430790000001,35.814373279999998,1605.6466064
-110.873413170000006,35.812971630000000,1626.7679443
-110.918787080000001,35.792809480000003,1582.5831299
-110.851325689999996,35.788859559999999,1669.0782471
-110.871746090000002,35.792015290000002,1641.3969727
-110.890226260000006,36.306341379999999,1693.8050537
-110.661334089999997,36.296799900000003,1719.7377930
-111.448568699999996,36.269767729999998,1609.5135498
-111.390255139999994,36.196519979999998,1475.0252686
-110.799300520000003,36.152497940000003,1582.9827881
-110.764213229999996,36.137223229999996,1619.7667236
-110.977737149999996,36.119717590000000,1516.0587158
-110.940385269999993,36.052916160000002,1598.1152344
-110.932928970000006,36.034541470000001,1610.2452393
-111.409730269999997,35.997691660000001,1308.5740967
-110.133575879999995,36.301182380000000,1980.9045410
-110.131163930000000,36.287180730000003,1994.4570312
-110.146186209999996,36.285691409999998,1979.2442627
-110.166735029999998,36.272937440000000,1947.2209473
-110.230209830000007,36.256939549999998,1969.1129150
-110.195543360000002,36.239743500000003,1947.1121826
-110.264058140000003,36.208765800000002,1908.6958008
-110.338981550000000,36.158515000000001,1854.4005127
-110.352407990000003,36.171255830000000,1885.3806152
-110.339250230000005,36.150672669999999,1880.8930664
-110.339928349999994,36.153670239999997,1878.3334961
-110.429661640000006,36.099961870000001,1822.0989990
-110.451420740000003,36.056682960000003,1799.2573242
-110.526280869999994,35.982671060000001,1740.1043701
-110.044444229999996,35.844441639999999,2037.0256348
-110.012591569999998,35.819621130000002,2048.9069824
-110.084137130000002,35.783907530000000,1917.2348633
-110.104571289999996,35.770918119999997,1895.8494873
-109.863086129999999,36.094217329999999,1832.7476807
-109.876944120000005,36.073454679999998,1833.9276123
-109.840520729999994,35.995114579999999,1902.1949463
-109.910457910000005,36.295228729999998,2110.1550293
-109.892815740000003,36.233827359999999,2030.9610596
-109.853191030000005,36.271023649999997,2081.3471680
-110.005382299999994,36.177429689999997,2053.5639648
-110.031020620000007,36.151719079999999,1996.1497803
-109.975392819999996,36.146011840000000,1957.8164062
-110.110029549999993,36.110727900000001,1913.4976807
-109.948363180000001,36.015019760000001,2047.1013184
-110.165066220000000,35.964147910000001,1823.3162842
-110.206631700000003,35.944123699999999,1809.2996826
-110.404033889999994,35.921995420000002,1796.8256836
-110.305000609999993,35.880152719999998,1753.7031250
-110.319093109999997,35.867054539999998,1743.7581787
-110.457590949999997,35.898949569999999,1811.5739746
-110.453870580000000,35.820326150000000,1725.8403320
-110.284904359999999,35.813107109999997,1798.0695801
-110.346418450000002,35.807049159999998,1750.4439697
-110.504623010000003,35.773096510000002,1707.0585938
-110.429829080000005,35.771171760000001,1676.3924561
-109.945577340000000,35.850973979999999,2137.4956055
-110.205852260000000,36.341087960000003,2134.1848145
-110.218107709999998,36.329483029999999,2106.8852539
-110.220760360000000,36.327427749999998,2102.0400391
-110.231749870000002,36.318379260000000,2090.0480957
-110.247019699999996,36.303616750000003,2064.5979004
-110.432584430000006,36.187594930000003,1892.2152100
-110.466197159999993,36.157039009999998,1877.4168701
-109.082985829999998,36.335832570000001,2508.5839844
-109.463351000000003,36.328305940000000,1814.1000977
-109.089749010000006,36.216312649999999,2224.6259766
-109.126925150000005,36.208067360000001,2207.8977051
-109.187099009999997,36.143717989999999,1998.7072754
-109.098735500000004,36.145121039999999,2173.5429688
-109.245448650000000,36.113781099999997,1908.9956055
-109.367054879999998,36.110055330000002,1775.2501221
-109.564763929999998,36.039808469999997,1708.1220703
-109.531846130000005,35.997540510000000,1741.4069824
-109.628718480000003,35.991753549999999,1756.5155029
-109.631396690000003,35.848363530000000,1864.7292480
-109.488405700000001,35.762977169999999,1990.7375488
-109.445541309999996,35.743497619999999,1999.0930176
-109.053616059999996,35.916701949999997,2177.9382324
-109.095700669999999,35.900550889999998,2207.4741211
-109.050899740000006,35.900851170000003,2148.4570312
-109.070107960000001,35.738721300000002,2068.8017578
-113.975503500000002,36.549938789999999,1105.3612061
-114.030169389999998,36.895016689999999,633.4489136
-114.025026299999993,36.865876329999999,597.3223877
-113.982417819999995,36.838386090000000,512.1326904
-114.010209329999995,36.758539689999999,625.3897705
-114.012287970000003,36.676583639999997,1050.6088867
-113.576802279999995,36.352795600000000,1713.0230713
-113.289861220000006,36.901678920000002,1439.5167236
-113.454030180000004,36.889352379999998,1256.9960938
-113.275095870000001,36.878771929999999,1451.6739502
-113.237233290000006,36.874408350000003,1398.1114502
-113.508383060000000,36.878555740000003,1352.7788086
-113.537590249999994,36.873339270000002,1404.0148926
-113.198191710000003,36.769712499999997,1524.2904053
-113.467338780000006,36.717701650000002,1509.6599121
-113.155539899999994,36.637279329999998,1592.6949463
-113.546724290000000,36.642759429999998,1597.8349609
-113.212285499999993,36.653750359999997,1659.2127686
-113.395417480000006,36.656928710000003,1468.4477539
-113.262824289999998,36.622897879999996,1402.1885986
-113.263039190000001,36.569347100000002,1817.7631836
-113.424100659999993,36.580002970000002,1547.7418213
-113.406913950000003,36.548440669999998,1557.3166504
-113.552198360000006,36.517716669999999,1699.8885498
-113.416606270000003,36.441585320000002,1616.2995605
-113.852670149999994,36.769360550000002,1875.8260498
-113.866012449999999,36.728108960000000,1610.9725342
-113.821482669999995,36.732178070000003,1513.1010742
-113.813582550000007,36.699180450000000,1371.2910156
-113.880374140000001,36.683168340000002,1352.5004883
-113.851676110000000,36.656785350000000,1268.6217041
-113.614956010000000,36.629577959999999,1563.6688232
-113.932285530000001,36.622470110000002,1115.2994385
-113.586385500000006,36.586160079999999,1632.4979248
-113.900996079999999,36.588487280000002,1210.9753418
-113.582968750000006,36.580963629999999,1639.9901123
-113.826641480000006,36.572364129999997,1183.1201172
-113.661332540000004,36.533617589999999,1433.5733643
-113.867841490000004,36.482446099999997,835.4400024
-113.869124529999993,36.466444299999999,792.5650024
-113.879936409999999,36.436402870000002,741.4454346
-113.968356249999999,36.420055939999997,711.0970459
-113.615555689999994,36.392754560000000,1783.6138916
-113.862174620000005,36.971352340000003,790.8266602
-113.878511950000004,36.958118759999998,686.6712036
-113.790992220000007,36.967556109999997,716.5030518
-113.541975919999999,36.967323749999998,878.8403320
-113.765438180000004,36.957778769999997,673.8708496
-113.766646809999997,36.930272879999997,889.9401855
-113.854512189999994,36.933407389999999,827.4074707
-113.915432050000007,36.861727700000003,663.5599976
-113.924111470000000,36.855722180000001,640.7071533
-113.945572979999994,36.855076429999997,546.5433960
-113.642725749999997,36.837799060000002,1421.5251465
-113.947968959999997,36.730869509999998,965.3119507
-113.061200299999996,36.426308759999998,1588.0544434
-112.663532930000002,36.385231410000003,963.8788452
-113.076950760000003,36.726901249999997,1484.6322021
-112.314692519999994,36.970049879999998,1542.7932129
-112.534992540000005,36.947428070000001,1425.1873779
-112.523803830000006,36.927130759999997,1417.6679688
-112.457105990000002,36.916583070000001,1439.6339111
-112.584310599999995,36.860707959999999,1358.0089111
-112.652529229999999,36.820471630000000,1361.7025146
-112.880921189999995,36.836746020000000,1508.0319824
-112.819937069999995,36.833132540000001,1466.1330566
-112.871100150000004,36.809586639999999,1542.5000000
-112.610599469999997,36.753599379999997,1254.2467041
-112.462723720000000,36.751032410000001,1694.7628174
-112.440056389999995,36.693187739999999,1786.5167236
-112.331399939999997,36.690975309999999,1978.3830566
-112.377104250000002,36.706062629999998,1777.2624512
-112.628323019999996,36.576916490000002,1078.9127197
-112.455112150000005,36.521404089999997,1858.2498779
-111.572031330000002,36.797346750000003,1448.5922852
-111.482583880000007,36.787871629999998,1552.5255127
-111.680924279999999,36.966601820000001,1581.0092773
-111.793982770000000,36.953677890000002,1610.0523682
-111.783077219999996,36.881023570000004,1896.2532959
-111.780166809999997,36.953844380000000,1590.8790283
-111.773184569999998,36.968926990000000,1213.8895264
-111.837156789999995,36.948606529999999,1669.1845703
-111.825157660000002,36.918991050000002,1767.9045410
-111.695862079999998,36.946535840000003,1084.6302490
-111.731887670000006,36.852303569999997,1969.9196777
-111.712383709999997,36.946478069999998,1120.4379883
-111.671288480000001,36.940515650000002,1047.4790039
-111.761742790000000,36.929699249999999,1726.4659424
-112.033499129999996,36.874907550000003,1797.7158203
-111.805076880000001,36.828714750000003,1980.3370361
-111.803700320000004,36.839813849999999,1933.8773193
-112.250821299999998,36.834848469999997,1954.6893311
-112.267276559999999,36.646756060000001,2435.3664551
-111.642938049999998,36.794943959999998,939.7180176
-111.787314600000002,36.760693860000003,1680.1221924
-112.129543819999995,36.734097130000002,2111.5686035
-111.658116250000006,36.720262120000001,1329.8341064
-111.730584160000006,36.730810839999997,1267.5461426
-111.755270679999995,36.729887660000003,1278.8776855
-111.735378139999995,36.708383179999998,1316.4942627
-111.708714979999996,36.708621780000001,986.5434570
-111.651479350000002,36.683295379999997,1426.7954102
-111.934034949999997,36.639193290000001,1494.7031250
-111.736585529999999,36.582735030000002,1587.2812500
-111.871055580000004,36.600216150000001,1465.4144287
-112.032376290000002,36.549608620000001,1916.7465820
-112.018486710000005,36.555287100000001,1767.7393799
-111.711703770000000,36.543414779999999,1692.0766602
-111.614132459999993,36.533704049999997,1667.5783691
-111.573664399999998,36.494726890000003,1689.7045898
-111.889256119999999,36.494588950000001,1093.6535645
-110.675969429999995,36.711528180000002,1984.6712646
-110.636365870000006,36.617851389999998,1931.1428223
-110.742795540000003,36.558862599999998,1847.1319580
-110.919748490000003,36.481911740000001,1838.5821533
-110.710410780000004,36.472588270000003,1841.4047852
-111.427345209999999,36.964956590000000,1128.6979980
-111.440675180000000,36.969628210000003,1128.6979980
-110.946016889999996,36.943124910000002,1446.4633789
-111.392822589999994,36.882123460000003,1290.9245605
-111.130603820000005,36.874551199999999,1278.4195557
-111.378128000000004,36.864184510000001,1321.6416016
-111.115787780000005,36.850479090000000,1176.9470215
-110.816889500000002,36.840993449999999,1535.6707764
-111.097673580000006,36.841742560000000,1193.5346680
-110.934465239999994,36.819301860000003,1394.2961426
-111.290294509999995,36.810428880000003,1609.4636230
-111.388632599999994,36.781709759999998,1560.5423584
-110.765078360000004,36.761642449999997,1644.9870605
-110.839508870000003,36.757970770000000,1549.3123779
-111.077535929999996,36.721263669999999,1652.2740479
-111.083703229999998,36.652930990000002,1659.2985840
-111.075234780000002,36.572585359999998,1788.8549805
-110.692490849999999,36.936344190000000,1671.3679199
-110.655892210000005,36.869190480000000,1768.1065674
-110.091869200000005,36.380458709999999,2049.6748047
-109.943570719999997,36.801885339999998,1544.1711426
-110.273860900000003,36.402714130000000,2076.8249512
-110.318724270000004,36.356891429999997,2024.3811035
-110.360469510000001,36.551221830000003,2031.7376709
-110.328845049999998,36.481164950000000,1987.3510742
-110.409354300000004,36.446168190000002,1892.3364258
-110.486813670000004,36.399298559999998,1826.3990479
-110.392177050000001,36.401142559999997,1932.3201904
-110.444014350000003,36.970272330000000,1585.0777588
-110.459247020000007,36.969022969999997,1595.4028320
-110.459596770000005,36.973519250000003,1570.5977783
-110.042343860000003,36.971655880000000,1509.3295898
-110.089540470000003,36.933231910000003,1595.8280029
-110.069930810000002,36.931982759999997,1571.2322998
-110.619120249999995,36.858839590000002,2079.8906250
-110.615159930000004,36.882169490000003,1948.0999756
-110.252649570000003,36.870632790000002,1622.9633789
-110.265562540000005,36.857373600000003,1633.0317383
-110.333886809999996,36.867879119999998,1617.6743164
-110.505640400000004,36.857374559999997,1780.3292236
-110.081143870000005,36.805831329999997,1630.0637207
-110.213595620000007,36.800019319999997,1699.5847168
-110.220047109999996,36.789793520000003,1701.7236328
-110.209571409999995,36.784188600000000,1689.5441895
-110.177038929999995,36.783773289999999,1665.1333008
-109.366232190000005,36.594773789999998,1780.4764404
-109.417949320000005,36.538514910000004,1668.2427979
-109.244731680000001,36.474198450000003,1974.2189941
-109.460026420000005,36.418014200000002,1749.4339600
-109.115781369999993,36.956012350000002,1492.8959961
-109.407040600000002,36.932702960000000,1689.0474854
-109.168571540000002,36.941045500000001,1597.8649902
-109.210231030000003,36.915181140000001,1680.2718506
-109.233277889999997,36.942780100000000,1627.2032471
-109.472667200000004,36.948830600000001,1669.4621582
-109.129600229999994,36.942416750000000,1525.0446777
-109.113727030000007,36.924425329999998,1561.3610840
-109.260187720000005,36.892661740000001,1744.7775879
-109.260186390000001,36.900120790000003,1719.6788330
-109.131260760000004,36.906695740000004,1620.6099854
-109.130281580000002,36.912206099999999,1590.5267334
-109.133314760000005,36.909721519999998,1596.4071045
-109.216113919999998,36.883446620000001,1779.5306396
-109.220250080000000,36.892044169999998,1744.3934326
-109.297825730000000,36.863900010000002,1768.4559326
-109.197370910000004,36.875751309999998,1840.3913574
-109.163149730000001,36.797576409999998,2706.2441406
-109.170956759999996,36.777210410000002,2522.8093262
-109.186118919999998,36.725845710000002,2157.5805664
-109.100746419999993,36.710850890000003,1840.9603271
-109.055099519999999,36.702515079999998,1724.8123779
-109.052521780000006,36.695714959999997,1694.9060059
-109.054077350000000,36.680554330000000,1671.7242432
-109.170074580000005,36.641593790000002,1792.3398438
-109.193726459999993,36.657938909999999,1851.7806396
-109.074402969999994,36.651458269999999,1694.3746338
-109.149844060000007,36.633280110000001,1768.2667236
-109.090496090000002,36.601476790000000,1771.5510254
-109.058626059999995,36.602707750000000,1762.1011963
-109.067542419999995,36.602577560000000,1765.7243652
-109.123751580000004,36.570008580000000,1886.3806152
-109.097304190000003,36.601308029999998,1768.6541748
-109.049932909999995,36.589577920000004,1783.7819824
-109.086778580000001,36.568413440000000,1834.6220703
-109.069257390000004,36.589589949999997,1783.7290039
-109.265332069999999,36.571736970000003,2044.0800781
-109.199962189999994,36.573082499999998,1889.6717529
-113.483008999999996,36.994863889999998,854.1156616
-113.788741270000003,36.993075550000000,910.1469116
-113.679915739999998,36.983560779999998,882.6237183
-113.808135980000003,36.977355340000003,908.5947876
-112.380885390000003,36.991020390000003,1512.7312012
-112.722029340000006,36.984829259999998,1631.1055908
-111.887436429999994,36.996783110000003,1492.7088623
-111.890003750000005,36.995793399999997,1505.8135986
-111.782443920000006,36.992894319999998,1176.2618408
-111.777809520000005,36.984619379999998,1170.0058594
-111.869892019999995,36.978937700000003,1572.8459473
-111.279160430000005,36.977290210000000,1171.9820557
-109.948077799999993,36.975688020000000,1438.6356201
-109.324275150000005,36.992265910000000,1609.9822998
-109.236807630000001,36.981675480000000,1583.3615723
