HUC8,1901,1902,1903,1904,1905,1906,1907,1908,1909,1910,1911,1912,1913,1914,1915,1916,1917,1918,1919,1920,1921,1922,1923,1924,1925,1926,1927,1928,1929,1930,1931,1932,1933,1934,1935,1936,1937,1938,1939,1940,1941,1942,1943,1944,1945,1946,1947,1948,1949,1950,1951,1952,1953,1954,1955,1956,1957,1958,1959,1960,1961,1962,1963,1964,1965,1966,1967,1968,1969,1970,1971,1972,1973,1974,1975,1976,1977,1978,1979,1980,1981,1982,1983,1984,1985,1986,1987,1988,1989,1990,1991,1992,1993,1994,1995,1996,1997,1998,1999,2000,2001,2002,2003,2004,2005,2006,2007,2008,2009,2010,2011,2012,2013,2014,2015,2016,2017,2018,2019,2020,2021,2022,2023
15020003,254.93,205.23,200.03,223.42,448.26,326.67,384.91,310.66,275.75,220.61,408.65,232.06,286.97,345.94,362.19,343.08,177.43,284.15,355.79,291.78,328.1,191.31,406.1,190.22,268.55,349.11,326.07,254.35,327.02,250.38,393.34,274.2,325.52,258.96,336.43,309.98,262.37,250.62,229.79,358.99,446.89,204.53,249.13,227.32,200.79,274.24,262.14,278.28,288.69,126.84,205.39,306.97,196.72,256.82,243.71,157.75,346.23,265.71,291.9,195.12,273.66,230.09,238.9,287.62,346.31,211.68,306.74,257.39,297.02,229.62,279.57,306.04,243.32,267.4,279.38,235.09,281.19,327.25,259.03,270.11,297.81,365.15,339.58,396.24,312.77,383.75,280.86,306.67,167.25,301.72,212.84,399.16,277.67,344.83,206.57,235.58,308.81,248,234.43,237.32,253.21,300.31,192.92,215.27,227.6,229.55,278.9,233.51,150.82,264.16,234.3,144.45,227.65,208.52,322.08,225.52,171.23,314.62,260.8,153.06,295.33,320.49,199.52
15020004,251.34,215.24,205.85,219.06,483.84,336.68,389.72,322.96,286.02,225.83,417.27,219.14,291.71,362.56,382.52,353.75,184.18,294.72,386.19,295.75,316.61,214.31,386.06,196.54,274.18,346.61,351.29,247.21,336.98,265.01,405.15,283.99,306.22,252.67,329.96,334.1,274.93,247.23,231.14,365.39,462.31,205.77,233.16,238.02,216.43,271.46,268.86,282.32,293.62,127.22,213.92,324.15,185.75,262.58,250.88,159.5,350.98,270.88,280.88,203.64,281.63,239,239.69,288.57,370.93,230.85,300.39,266.29,317.19,234.36,284.47,291.42,255.62,264.77,281.58,222.44,279.4,368.59,277.47,291.59,290.73,389.11,336.12,378.02,358.64,382.64,304.93,292.3,179.95,304.13,251.39,414.48,319.82,335.94,234.76,230.05,333.92,292.49,220.74,233.24,230.7,265,170.82,208.42,226.91,215.7,280.5,234.77,143.61,296.1,239.87,134.72,221.76,204.87,316.09,234.51,190.93,285.24,279.84,171.95,292.27,325.33,218.75
15010014,181.43,149.8,135.33,183.5,370.03,302.17,236.68,277.89,296.13,189.36,216.71,182.1,146.89,228.03,257.25,242.79,171.11,267.84,270.74,253.57,247.43,235.93,194.53,120.74,223.38,203.71,270.75,103.81,137.88,205.74,298.78,206.96,133.75,151.22,203.05,236.48,196.6,211.7,269.44,287.81,364.38,104.75,215.76,175.19,182.18,204.23,105.49,131.93,207.05,89.77,235.98,239.35,106.68,183.58,176.5,57.11,240.77,226,189.9,165.31,134.32,133.52,151.6,100.66,324.97,147.92,201.58,117.35,214.55,167.4,156.67,179.77,183.51,156.42,143.25,230.48,162.37,381.87,215.83,263.21,187.89,264.74,308.05,270.05,156.34,192.51,218.69,175.09,78.78,212.19,222.13,343.92,284.98,137.27,162.81,102.67,171.67,277.19,148.23,117.06,162.62,64.1,189.24,306.34,283.42,117.19,101.24,127.15,90.55,267.1,154.05,161.54,157.3,144.12,159.41,224.1,154.84,161.17,240.8,91.44,136.57,137.49,187.3
15020001,437.09,345.35,329.53,341.75,702.2,471.95,519.63,501.53,413.2,306.69,510.04,377.2,399.14,493.76,506.31,523.53,306.96,428.83,496.6,390.55,480.36,330.42,546.8,330.46,422.17,448.54,462.26,384.32,463.13,384.2,592.54,462.29,471.41,399.9,499.97,433.39,406.3,383.5,365.02,526.19,609.52,304.6,392.1,374.09,300.68,401.62,401.22,385.83,432.92,234.6,368.37,426.21,295.96,369.09,382.87,257.09,546.31,502.17,488.19,348.72,469.38,422.11,391.7,439.49,536.35,351.21,544.35,369.42,428.39,334.87,439.02,474.91,361.97,389.38,432.74,372.36,414.27,573.52,442.54,419.95,420.2,489.25,601.21,539.77,447.8,573.1,513.99,465.42,272.92,471.94,420.35,583.02,431.85,515.02,328.2,376.22,450.92,388.64,428.44,386.32,383.68,371.53,350.32,386.44,369.01,426.88,466.47,431.92,308.81,428.2,397.99,277.52,453.27,334.22,505.79,391.2,296.94,369.58,451.08,254.32,420.17,486.97,312.89
15020005,367.08,351.26,320.08,282.73,842.01,507.19,503.73,464.84,396.25,288.12,475.46,410.8,340.17,500.68,576.83,527.05,344.08,412.43,627.53,446.89,426.75,431.51,557.56,353.46,422.46,479.93,470.43,339.77,414.62,467.32,589.78,386.05,438.2,334.77,465.78,445.36,408.79,409.33,331.77,514.69,617.63,302.56,371.42,371.84,324.41,417.28,386.38,333.18,450.54,213.92,450.17,518.23,295.05,389.79,363.24,263.13,475.63,466.58,490.33,302.53,401.35,357.25,344.64,393.05,565.4,314.11,496.97,358.51,435.92,356.65,470.19,464.76,378.3,387.32,377.85,393.37,413.42,668.02,393.6,461.64,376.38,514.73,502.91,542.87,490.37,461.81,443.42,451.21,295.03,428.63,437.94,602.36,481.68,470.13,356.02,327.45,429.32,382.52,349.45,378.16,359.64,278.12,350.05,347.7,373.39,371.28,434.81,442.68,248.61,492.22,365.7,292.27,440.89,372.64,552.4,401.63,313.51,390.41,473.88,257.25,434.66,454.12,311.24
15020009,240.32,220.64,203.85,213.9,443.39,318.37,362.81,324.29,291.04,219.11,394.37,207.04,269.4,337.29,334.21,334.94,182.95,267.59,371.47,265.09,298.51,207.96,371.71,204.96,288.86,323.39,357.72,231.02,310.66,254.24,374.7,248.76,276.85,223.65,308.94,316.9,260.73,238.16,226.7,365.89,469.91,208.15,225.4,245.12,229.21,265.37,274.29,274.76,282.59,120.16,213.81,324.97,187.94,262.45,230.69,156.19,349.12,247.94,261.25,194.85,273.64,221.61,230.82,279.97,370.33,234.34,291.79,255.82,307.27,231,278.04,281.84,240.92,252.32,260.88,203.8,266.94,365.27,259.37,274.01,269.36,406.09,314.84,363.75,369.64,341.91,312.8,274.8,174.51,279.64,282.31,386.29,324.49,286.14,238.21,204.5,322.05,305.46,232.48,237.92,203.48,224.21,173.33,236.76,239.14,225.29,278.72,219.56,133,307.34,232.94,149.4,227.29,205.77,322.96,247.2,189.5,234.99,254.43,164.54,232.99,302.65,201.62
15020010,328.71,328.34,284.15,281.84,877.92,528.46,488.86,506.6,428.57,312.42,508.23,415.37,386.51,500.83,554.15,565.9,418.8,428.55,623.92,464.07,465.13,465.76,577.99,309.79,439.78,455.66,544.97,311.63,408.68,463.07,595.85,399.55,385.92,345.75,480.37,477.1,425.53,422.95,346.83,566.19,654.36,324.2,377.48,422.51,341.47,434.76,367.06,323.29,481.86,228.34,515.91,535.08,296.39,406.27,408.85,256.19,514.17,468.25,498.13,332.25,409.07,365.04,400.52,398.21,621.12,379.56,522.47,362.16,453.41,372.13,451.82,489.5,402,372.37,390.18,412.67,415.84,686.08,407.91,521.95,444.37,573.88,535.92,516.72,495.42,449.51,451.02,466.28,311.68,445.59,477.56,645.03,541.54,455.53,419.37,379.29,470.46,432.51,362.05,382.12,357.7,236.78,358.92,424.16,396.08,342.43,450.56,469.53,246.97,531.08,374.34,290.94,467.23,382.79,570.22,402.85,336.87,364.54,476.72,233.82,438.24,459.04,355.59
15020012,189.73,181.82,176.11,185.2,378.65,338.96,315.88,295.85,303.61,225.44,349.42,213.13,246.52,312.35,293.85,310.11,175.23,241.19,282.04,235.78,271.68,212.56,325.03,185.37,277.44,280.43,359.42,205.12,277.25,220.26,314.16,228.83,233.15,194.94,264.73,277.3,257,229.81,221.12,350.04,439.03,204.05,211.07,221.2,188.98,242.85,245.58,235.98,254.74,128.49,211.8,292.23,189.95,224.01,187.28,144.9,333.78,216.81,221,189.88,238.36,189.69,210.57,225.97,372.29,214.15,239.31,203.49,256.82,214.4,226.92,269.98,212.19,206.49,216.6,177.77,216.55,338.84,242.62,264.21,255.04,348.41,324.05,317.28,348.9,271.41,282.31,272.33,121.28,250.02,243.6,316.83,279.59,211.57,224.97,164.44,304.06,291.84,217.67,207.36,172.52,149.43,159.01,256.06,246.33,218.26,223.6,204.39,132.34,283.12,205.34,162.31,238.88,166.47,366.04,239.15,194.44,159.41,242.9,88.59,184.39,269.33,226.8
15020014,189.66,172.95,165.62,172.86,391.12,326.38,309.33,293.54,292.02,206.47,339.64,195.4,237.16,295.28,291.68,282.46,164.81,225.85,282.78,226.98,256.61,188.08,340.09,177.49,260.47,270.66,338.85,203.15,271.25,207.53,317.44,220.8,227.67,189.15,265.25,279.43,245.8,200.35,189.73,334.47,419.67,212.17,198.34,217.49,190.5,233.33,239.55,223,236.85,120.63,202.74,287.74,162.94,219.42,190.58,136,282.25,210.91,207.93,181.56,226.52,187.24,207.83,220.16,332.63,199.2,232.68,196.05,232.02,195.59,204.26,237.59,207.59,194.48,209.24,182.61,219.53,326.17,224.91,263.3,227.7,323.24,278.25,317.76,306.89,237.3,243.43,229.4,127.77,206.25,203.46,314.82,254.77,199.85,205.73,143.38,253.87,258.6,198.31,183,163.36,138.85,148.77,221.57,209.57,180.48,202.48,168.5,111.51,250.22,188.23,134.29,201.68,165.42,314.87,207.21,161.94,147.55,223.65,89.46,157.26,241.21,185.84
15020015,363.69,335.91,312.09,302.72,826,551.38,588.47,564.7,508.16,343.13,526.1,408.62,399.36,476.18,546.12,535.92,418.47,464.4,608.65,462.24,496.83,485.57,561.28,334.8,433.85,424.26,548.4,340.11,377.04,483.53,542.41,429.55,392.33,338.66,460.46,479.04,431.67,427.61,356.61,579.94,661.11,288.71,403.61,421.13,395.44,459.78,308.43,338.5,563.15,246.41,504.47,516.76,286.32,419.03,410.36,227.54,557.96,488.2,462.68,384.32,418.66,367.93,373.81,407.21,719.2,398.44,509.43,360.39,470.94,437.08,413.57,535.68,405.67,351.79,395.42,407.01,380.45,672.27,411.88,526.59,497,664.26,601.81,454.16,528.05,556.23,535.17,438.71,267.01,492.19,491.62,680.36,598.66,429.72,434.38,348.02,514.91,586.33,436.67,396.5,369.86,264.66,417.62,503.91,512.6,374.46,403.79,454.67,269.76,574.96,413.03,370.6,498.45,385.68,606.26,457.3,353.58,410.72,497.45,209.07,461.77,451.22,448.84
15030202,305.3,315.31,266.53,284.3,959.96,518.75,457.9,516.61,442.12,337.89,535.99,445.03,384.08,443.52,512.41,534.19,399.66,487.35,632.91,460.52,456.11,452.41,469.16,289.1,383.51,444.14,619.38,241.98,281.63,464.44,635.15,397.77,321.03,316.32,471.8,463.6,418.84,392.61,407.4,496.24,653.85,237.87,364.01,440.23,381.88,427.82,263.94,281.09,416.8,227.73,561.24,491.51,264.98,414.52,396.12,149.13,510.45,465.01,435.76,322.39,332.3,336.36,425.59,345,756.37,319.85,452.56,324.34,463.57,435.24,359.15,435.88,365.39,377.77,299.12,438.25,334.14,757.34,414,597.08,415.87,575.61,663.54,493.22,454.71,467.7,501.37,404.84,257.7,472.09,513.7,684.61,699.21,378.77,439.11,247.99,443.59,566.61,323.03,414.53,442.05,148.23,391.41,572.7,475.98,326.12,251.75,464.43,245.94,504.55,292.18,304.7,372.5,359.14,417.8,453.27,353.39,292.29,590.97,197.4,399.78,390.29,424.8
15030203,230.04,280.34,246.21,265.26,829.77,502.12,370.18,447.24,412.79,289,475.59,449.77,320.86,425.74,483.18,502.4,362.66,463,586.26,427.36,442.94,407.8,483.81,229.97,352.9,436.35,559.01,228.67,252.61,447.51,610.03,392.69,331.95,298.72,451.14,406.97,365.37,349.17,360.87,435.44,602.6,213.51,336.08,375.06,334.64,380.59,230.94,265.32,382.71,204.36,527.9,454.01,237.12,365.13,374.33,127.41,436.26,427.7,420.29,272.08,284.22,297.47,403.16,293.71,683.34,301.39,433.08,309.96,414.75,405.79,345.62,409.4,312.9,348.08,248.76,391.11,301.98,688.06,359.76,489.49,396.59,547.23,576.27,463.56,413.59,403.79,438.83,381.08,249.51,416.24,434.53,595.63,580.92,337.14,395.72,214.49,404.27,489.44,314.91,380.36,322.72,128.92,366.21,467.48,404.69,241.12,258.06,397.83,197.51,431.66,249.4,286.69,323.62,340.79,394.63,405.38,347.31,287.83,518.47,202.61,387.3,380.03,373.38
15030204,144.2,157.49,119.31,165.47,484.8,276.95,246.61,269.76,258.94,191.89,259.19,236.6,183.15,279.48,298.38,313.96,216.83,298.83,370.29,276.25,295.19,239.99,282.29,118.28,209.63,306.26,302.56,124.53,150.37,245.46,396.16,225.27,185,165.92,294.21,228.33,226.39,219.08,288.23,267.39,420.38,126.17,204.56,232.72,198,224.7,129.09,148.35,192.78,106.16,335.09,300.24,123.67,237.26,239.2,58.03,267.47,238.34,263.91,161.62,143.16,172.25,220.98,153.74,373.6,162.74,238.64,140.83,226.69,228.58,151.21,227.54,179.23,182.48,125.96,254.56,145.8,429.75,231.47,294.96,218.39,335.03,377.99,263.71,226.35,254.12,215.05,239.26,146.96,218.11,220.92,374.12,357.45,177.09,216.22,83.71,216.27,310.99,164.38,200.59,184.91,62.05,247.93,344.8,299.64,116.31,134.43,217.19,92.12,235.1,155.45,162.62,199.58,202.78,197.28,215.32,161.59,140.79,290.86,109.67,192.01,201.67,200.37
15040007,348.13,313.15,253.88,283.64,829.84,463.59,458.51,479.78,372.4,263.21,512.99,422.49,372.45,566.3,528.64,574.82,339.48,455.43,587.39,419.05,409.9,392.55,487.39,232.6,379.62,486.72,444.57,337.79,346.46,482.8,595.31,433.29,364.76,306.99,490.3,454.97,353.56,352.9,361.66,577.51,693.73,343.68,387.85,431.01,339.94,421.99,285.27,281.07,389.58,229.65,509.07,486.05,252.02,451.82,423.55,229.04,483.7,506.18,499.34,321.88,394.41,366.17,423.38,350.03,621.76,360.05,505.46,416.67,378.49,367.98,403.22,487.98,368.72,387.89,358.54,359.89,358.46,748.76,467.57,538.79,382.18,558.88,696.91,575.99,469.6,502.93,423.87,448.22,276.17,525.65,492.16,686.83,640.4,531.53,352.92,338.99,392.53,432.78,333.62,419.19,392.79,229.87,377.28,379.84,431.93,335.05,375.57,520.67,259.2,494.96,295.72,310.41,344.94,369.02,454.54,381.53,269.38,345.52,480.46,188.93,414.65,416.83,361.89
15060101,552.18,537.75,416.06,430.43,1199.19,743.75,624.49,639.47,568.91,440.14,678.63,551.35,489.7,695.87,720.9,832.88,476.26,666.75,718.96,577.07,538.25,585.1,704.53,481.72,572.48,668.62,673.68,531.12,577.14,647.59,874.57,647.95,552.01,539.91,684.11,620.29,561.48,569.35,494.5,779.72,987.95,493.89,553.19,605.89,462.92,582.33,458.88,445.33,603.95,311.02,639.96,719.27,371.85,583.26,512.53,347.74,712.61,715.46,630.71,455.42,588.57,500.31,567.73,536.23,825.85,483.89,699.23,539.7,555.09,499.49,582.57,658.12,586.78,560.7,592.23,529.21,552.58,971.08,683.9,754.32,543.41,817.25,924.82,747.78,692.78,760.17,648.84,639.3,397.69,732.49,724.41,839.22,698.99,744.74,536.81,539.16,587.27,578.54,530.78,561.07,549.06,499.68,552.8,538.54,592.49,576.49,609.94,717.32,420.27,680.48,492.82,432.3,592.22,484.51,658.25,534.93,421.47,492.85,690.91,351.23,557.65,625.59,484.77
15060102,662.26,613.25,464.48,498.16,1369.35,862.25,736.34,698.87,660.87,521.98,789.29,712.77,490.22,691.61,828.93,987.98,551.32,740.15,832.49,668.43,619.37,684.66,837.96,609.22,605.72,678.39,782.6,543.57,608.61,748.77,961.48,674.49,593.01,572.35,795.72,730.42,678.34,707.79,546.63,807.03,1106.78,549.26,596.02,671.27,556.55,716.64,621,535.3,719.2,373.36,753.95,881.1,445.92,700.19,633.03,425.04,839.56,786.2,701.07,525.98,676.93,599.15,614.37,651.64,1032.02,544.45,784.94,624.53,639.92,589.89,714.37,683.69,709.86,635.16,676.14,663.26,649.1,1136.11,768.68,901.63,639.28,937.58,1029.47,781,797.12,803.36,731.79,746.56,459.55,767.85,861.01,943.76,784.41,819.34,672.36,587.8,675.31,673.44,594.49,645.62,634.69,532.46,621.98,644.92,709.73,644.81,699.95,786.28,468.07,775,575.33,508.58,675.5,557.75,746.27,620.38,503.97,574.09,762.12,417.46,652.85,729.19,572.57
15060103,406.91,415.19,301.43,325.43,1116.94,611.09,543.38,582.4,483.64,344.21,621.37,513.45,463.03,643.1,671.45,730.17,450.35,599.84,739.27,560.19,532.15,541.15,621.91,356,488.45,593.87,621.15,403.7,450.55,595.71,795.63,511.55,459.6,400.35,597.38,597.32,472.53,488.7,422.71,675.68,817.52,414.65,501.78,541.44,435.26,525.72,382.01,342.42,491.9,280.52,634.02,608.51,319.75,515.24,487.8,275.8,611.17,578.35,593.63,399.57,442.71,449.01,505.9,423.95,800.55,413.48,588.77,471.41,505.93,431.03,479.4,575.59,482.03,472.02,449.88,482.22,451.85,945.99,545.19,700.75,495.04,726.25,790.29,640.39,603.49,571.57,524.54,546.01,376.18,568.34,607.69,837.84,809.49,613.13,499.81,419.59,505.75,563.82,401.11,491.29,478.35,250.47,472.44,479.39,534.25,364.32,473.88,664.54,308.57,652.43,388.6,358.02,483.74,435.1,571.44,454.11,361.39,393.01,607.02,239.27,505.38,458.67,471.62
15060104,449.09,431.64,358.46,346.88,1015.14,612.15,543.94,511.8,456.6,345.86,584.39,503.56,411.46,535.57,623.22,682.66,412.93,503.2,719.23,527.6,488.61,524.16,627.68,402.98,454.81,517.6,569.8,412.25,466.45,545.81,726.33,467.06,498.02,427.52,549.66,552.62,480.39,533.83,373.94,612.38,768.84,371.78,466.43,484.92,392.47,487.77,458.48,355.92,533.43,274.19,558.01,594.27,329.15,475.48,436.51,295.25,589.16,556.58,580.74,384.61,489.46,445.56,453.87,440.11,706.59,399.59,584.54,423.3,491.48,417.35,514.83,559.7,450.64,461.04,424.66,472.67,484.19,822.79,479.88,607.56,455.62,650.14,668.35,625.94,596.14,558.95,532.39,570.27,349.13,526.59,545.64,701.53,607.56,561.96,457.45,412.67,507.54,500.16,371.13,478.88,458.62,325.81,449.55,447.04,491.05,420.01,499.8,556.5,292.65,572.34,417.64,360.94,497.89,463.59,607.6,456.34,348.3,409.02,568.49,290.64,484.69,499.69,423.57
15060105,384.8,420.99,305.17,336.21,1244.77,664.89,599.77,664.22,556.65,383.59,658.01,571.28,557.9,699.15,734.3,769.47,558.2,660.86,767.21,613.87,595.54,626.04,690.3,401.22,545.09,649.69,731.16,412.22,471.06,648.38,891.77,541.91,454.91,423.61,641.76,594.11,528.39,529.08,481.29,731.68,841.82,423.06,528.06,592.71,484.74,595.45,428.67,387.08,574.97,319.85,712.29,704.79,339.64,542.08,550.26,282.35,714.26,621.85,640.78,428.47,475.46,461.05,546.75,439.68,921.76,440.49,626.79,494.2,556.75,505.52,478.63,613.58,525.12,481.21,482.65,545.66,485.54,1030.73,572.47,792.75,564.84,821.69,866.64,633.84,668.23,576.67,556.44,556.81,402.86,557.17,655.4,915.49,915.59,593.67,559.35,424.77,540.32,625.92,453.41,502.92,504.25,255.39,520.88,549.52,578.95,353.03,493.8,670.95,339.37,747.39,422.2,373.55,562.11,443.71,590.22,495.49,448.19,433.22,675.08,279.08,575.68,455.62,519.76
15070104,148.02,149.15,123.34,151.37,467.61,246.84,225.82,261.15,252.24,157.85,237.24,204.66,184.71,269.24,272.58,265.61,212.79,281.04,302.12,237.45,218.97,198.01,301.36,101.05,191.11,293.9,242.36,114.91,129.53,235.43,347.22,227.46,182.04,151.45,303.84,212.02,207.04,176.02,247.13,223.85,426.45,134.61,197.42,226.58,175.86,224.62,116.59,132.31,186.83,102.85,322.08,266.36,103.74,164.73,210.58,58.94,224.56,191.75,229.21,117.83,127.41,155.67,184.95,155.21,347.19,174.74,247.2,147.29,204.21,203.77,155.22,195.58,150.82,190.9,122.64,205.01,127.27,374.86,210.88,230.55,189.07,320.96,348.88,270.87,207.05,197.55,193.04,213.65,130.22,205.43,186.85,342.58,331.94,164.47,175.22,76.85,168.81,271.48,172.21,219.09,155.07,74.19,243.66,264.41,248.63,100.65,145.65,191.09,76.59,244.16,117.85,131.45,226.39,183.79,177.52,169.87,162.89,168.37,273.75,129.6,193.83,187.43,146.66
14080204,208.72,192.39,187.91,196.54,377.63,319.38,319.64,288.82,290.71,209.42,360.47,208.94,245.84,315.44,294.86,306.51,179.77,253.59,285.84,241.47,261.76,215.74,329.89,194.23,265.09,285.76,340.94,226.3,287.22,232.67,337.02,239.13,242.24,194.09,274.92,274.87,268.36,240.23,209.34,351.09,466.44,200.99,207.61,242.49,206.81,228.35,263.09,263.99,255.35,117.17,205.86,277.16,190.92,229.53,186.11,143.92,359.68,205.56,218.12,191.87,264.24,202.01,219.17,232.95,364.24,207.18,220.33,216.44,283.07,215.3,225.16,262.64,220.32,217.18,214.9,178.06,199.05,335.94,255.63,253.38,262.28,335.95,326.82,273.42,311.33,293.62,294.37,272.06,117.15,274.15,250.4,304.55,280.46,208.69,232.48,177.55,308.65,272.31,203.62,210.64,176.68,155.2,177.95,230.41,254.98,220.47,246.92,232.41,145.74,293.84,194.89,158.45,228.15,150.98,374.39,241.63,191.99,153.99,253.35,117.72,218.24,276.48,235.49
15070102,255.33,274.9,225.23,251.94,820.23,469.26,382.22,454,386.52,272.29,468.23,398.87,335.14,444.78,473.17,511.47,352.3,438.3,529.87,374.92,388.83,381.37,467.55,236.83,339.83,442.24,493.73,231.05,253.5,413.88,538.26,375.56,310.42,265.37,416.31,379.92,310.7,317.85,331.64,451.37,625.98,237.89,334.12,377.65,304.05,377.06,237.26,255.67,368.68,194.17,517.37,438.99,206.78,343.17,365.83,151.85,436.37,405.84,458.05,247.93,270.95,255.77,372.07,301.28,684.21,311.03,450.55,296.32,367.93,377.33,281.41,397.87,301.33,337.07,246.51,369.81,276.13,693,346.84,473.76,333.49,551.67,562.68,464.65,402.85,365.41,405.62,350.58,231.53,398.72,438.13,628.71,607.54,345.66,392.51,229.58,343.72,456.33,292.03,356.96,294.05,167.96,389.83,421.57,408.4,212.79,270.73,359.81,199.44,455.75,226.76,265.02,325.2,346.74,331.71,345.97,299.22,345.4,501.17,214.79,373.59,309.1,305.92
15070103,208.55,227.4,193.53,221.82,702.41,427.84,327.65,365.81,353.69,231.82,378.83,351.92,285.46,400.14,423.73,454.92,309.79,401.13,468.88,336.38,353.02,330.93,444.13,186.81,291.19,420.99,442.05,199.93,222.02,385.99,495.58,341.51,278.89,239.13,422.89,332.81,287.03,289.03,316.54,359.47,560.02,203.57,304.13,336.2,286,328.24,194.17,208.49,345.47,167.48,482.12,409.19,193.27,314.9,328.34,114.06,365.43,358.23,377.92,200.9,230.41,234.55,335.08,254.94,611.84,265.29,379.81,263.37,326.57,355.12,262.41,322.14,262.23,328.39,212.97,326.06,244.7,616.34,305.04,402.68,321.6,480.62,494.85,403.36,345.39,318.09,365.67,304.21,208.98,340.3,368.28,529.3,495.55,275.24,344.79,184,315.55,414.06,271.39,334.8,247.51,136.94,354.34,390.71,366.04,179.54,232.56,317.68,150.53,394.21,180.53,232.39,286.39,312.76,323.21,313.57,278.82,278.6,432.35,203.48,316.94,306.63,266.46
15020013,188.71,177.77,169.78,177.96,371.58,334.96,298.31,286.81,294.51,219.74,340.8,204.61,241.59,305.53,297.03,298.49,166.88,229.54,278.94,224.82,263.27,198.7,325.86,179.52,264.72,277.18,341.84,206.73,279.73,214.44,316.5,219.83,230.21,187.01,264.09,274.14,253.08,213.42,200.9,340.62,435,208.89,203.54,220.74,186.25,234.57,244.85,229.94,243.76,120.84,200.67,284.18,175.33,220.51,185.46,142.74,310.53,208.76,212.79,179.62,230.88,184.21,213.07,220.09,351.04,203.65,235.48,200.85,242.93,206.89,213.01,253.13,206.53,200.8,205.74,172.27,214.59,326.82,235.8,256.16,244.16,333.65,301.13,323.5,327.51,251.94,253.83,256.73,118.46,229.36,221.77,301.15,257.37,199.16,211.05,149.81,283.42,275.89,207.1,196.2,160.97,145.75,151.09,235.01,226.45,200.73,209.61,188.66,120.58,268.22,195.16,145.27,215.98,160.36,348.94,222.74,178.57,155.55,220.33,93.33,181.37,270.62,212.56
15030103,175.34,160.11,130.26,192.49,490.58,304.47,280.91,357.52,342.24,228.54,258.59,215.05,135.25,257.39,324.81,294.69,201.76,317.52,453.92,327.23,319.32,287.08,239.58,130.79,245.99,260.87,347.11,104.73,149.73,239.52,441.46,244.66,179.14,202.14,278,263.36,258.38,234.03,352.82,358.62,439.71,129.91,243.94,256.81,196.31,250.01,112.19,166.81,222.14,107.31,314.93,277.02,145.14,216.63,188.76,46.24,266.51,273.16,253.47,179.25,159.5,161.31,215.72,148.72,387.5,160.85,233.91,152.43,229.16,184.63,194.66,213.18,214.63,189.23,134.55,280.72,177.68,442.74,254.71,287.62,216.11,303.61,351.53,292.42,221.95,272.65,221.68,234.07,98.34,264.04,246.36,396.59,361.13,168.26,184.29,93.55,224.8,335.96,172.32,133.44,182.86,80.98,223.6,352.67,319.82,157.68,116.11,196.49,115.3,279.86,182.58,198.16,193.78,213.75,199.33,267.61,171.1,158.68,263.39,107.43,148.15,186.96,206.02
15030105,124.6,123.05,97.14,130.66,380.99,207.43,177.76,237.55,234.55,148.96,190.13,171.71,163.44,231.43,234.8,210.66,196.63,244.75,249.75,219.64,208.69,170.95,247.97,73.36,168.97,251.9,202.89,81.12,98.55,184.51,285.74,190.09,136.78,121.46,246.17,168.34,163.29,154.22,245.47,190.45,367.13,104.95,173.9,195.12,146.2,182.86,88.32,109.29,140.51,81.39,274.49,206.88,78.4,124.7,178.84,42.64,180.21,166.91,186.82,106.24,102.61,122.82,159.59,107.7,271.55,151.69,186.53,118.8,173.7,153.1,125.54,143.26,125.24,140.95,96.88,201.71,116.76,304.4,183.31,189.89,133.44,249.22,275.9,213.43,158.55,174.55,139.62,211.75,81.72,145.82,132.5,288.49,249.21,143.5,138.89,55.9,178.7,227.39,129.19,110.02,133.71,46.31,171.07,244.78,231.49,90.91,109.98,169.28,71.01,188.34,114.66,120.64,199.25,154.32,166.69,151.55,136.81,114.24,211.85,97.07,131.69,142.2,126.11
15030106,97.92,103.93,81.08,96.65,334.92,169.16,150.05,193.71,211.17,119.38,155.55,156.31,145.51,191.27,181.22,179.43,157.83,211.86,192.6,208.9,193.43,144.09,177.03,49.48,156.43,218.75,172.63,42.71,82.07,135.66,231.37,157.56,99.56,100.85,181.88,133.46,145.03,151.06,243.17,171.51,298.85,72.62,166.67,149.29,130.83,161.22,69.17,91.65,129.19,50.3,223.63,159.65,47.88,100.81,146.61,24.62,136.75,177.79,162.82,98.35,86.39,94.62,131.59,82.1,223.51,152.37,154.24,81.87,145.21,121.01,110.18,111.78,97.25,91.94,83.29,263.84,133.84,254.22,159.1,189.52,96.45,188.34,259.38,183.23,141.39,145.65,129.11,189,57.57,126.88,106.11,240.2,199.26,129.28,110.68,75.56,170.44,167.86,90.52,62.98,100.58,44.69,120.11,215.32,232.91,97.19,85.22,153.95,83.63,180.68,114.02,125.07,170.82,136.97,164.58,144.81,120.09,93.2,160.84,96.24,94.26,103.88,95.86
15040005,322.86,261.71,254.64,273.78,732.21,425.67,414.7,417.32,315.45,228.5,454.97,375.23,366.16,519.11,445.5,491.36,297.92,392.68,510.46,375,349.46,306.81,442.38,206.43,349.86,464.87,387.18,323.87,341.94,418.94,542.03,385.97,348.65,310.79,423.74,386.46,350.26,323.78,330.62,503.34,602.69,299.15,341.63,386.76,273.97,353.56,249.73,266.18,380.17,203.93,402.28,399.48,225.72,379.02,337.94,194.85,448.29,500.14,397.95,286.08,403.32,333.64,380.32,322.66,513.46,341.88,416.76,359.18,325.09,294.02,348.11,429.27,312.63,355.12,339.4,308.71,354.3,589.1,382.51,394.81,330.47,480.08,636.22,490.06,457.23,482.84,392.98,423.65,226.01,478.48,446.6,565.5,487.35,459.62,293.28,336.07,388.57,392.54,303.94,384.89,352.45,279.47,296.87,367.23,356.3,368.76,386.21,417.08,250.75,456.68,275.17,269.29,311.19,332.34,453.01,386.77,239.29,329.52,408.95,189.75,376.85,419.97,294.42
15050100,264.27,247.8,187.58,222.87,705.58,384.39,345.76,407.01,295.26,209.88,394.13,346.13,305.71,448.89,395.72,411.3,270.07,377.39,460.37,320.75,281.12,308.64,391.91,176.87,258.21,418.6,318.89,230.58,236.82,395.81,479.81,341.38,289.83,229.89,380.96,363.04,288.05,263.75,273.69,375.22,572.31,243.67,293.4,350.68,266.06,341.41,201.85,212.75,275.47,187.76,406.02,381.97,179.08,333.45,325.34,158.55,357.15,337.28,345.85,211.85,267.34,231.63,340.51,290.38,480.65,287.93,392.88,306.07,285.03,258.25,298.54,359.62,271.51,301.19,270.11,261.62,252.84,609.44,316.07,341.18,287.87,433.98,551.49,453.88,338.99,370.65,297.26,302.42,189.89,451.87,355.64,602.31,545.01,352.06,286.75,248.7,270.8,376.93,228.96,288.62,315.03,137.06,244.68,287.61,329.37,242.49,254.6,338.86,179.37,398.21,225.92,250.43,269.4,305.03,324.37,282.48,223.7,267.69,380.88,138.45,356.92,336.55,265.58
15050201,325.94,231.25,246.61,253.07,693.79,391.62,482.13,373.41,342.9,278.05,494.06,380.29,382.11,573.5,399.77,452.18,316.25,346.78,520.75,328.8,388.13,317.86,446.39,216.54,325.53,522.45,391.69,348.98,339.87,487.85,570.26,396.38,325.73,338.33,399.49,347.61,378.19,342.21,384.87,483.29,536.14,297.19,365.06,385.35,293.04,346.75,247.18,297.08,423.26,243.07,369.97,387.16,214.07,362.74,343.31,200.58,411.85,446.49,400.59,293.14,408.64,323.14,370.12,387.12,486.39,435.09,457.26,326.38,301.02,283.37,410.18,405.85,291.04,393.49,322.56,345.04,454.77,566.08,341.67,308.1,373.83,459.52,669.08,494.25,493.68,512.22,461.36,462.84,281.1,478.16,464.76,553.2,513.87,434.63,357.8,344.1,442.19,396.95,347.66,470.45,364.38,248.93,209.17,380.71,327.33,332.68,388.23,340.51,276.79,419.65,319.3,271.9,339.13,411.06,433.72,426.56,271.84,422.27,458.74,212.39,382.69,475.52,245.83
15050203,358.42,273.65,258.55,277.32,765.56,445.87,468.42,464.47,360.75,284.83,479.54,415.18,398.13,574.2,453.51,494.8,323.25,380.18,551.36,378.61,377.88,348.97,502.55,217.67,324.56,503.86,403.05,338.14,330.91,507.29,583.51,406.84,330.24,317.19,438.97,370.47,374.52,349.25,357.95,483.92,590.48,300.51,363.87,416.57,306.47,382.37,241.36,291.75,393.27,230.17,445.11,426.21,218.43,434.84,348.21,207.44,454.27,436.3,401.39,269.6,406.42,311.16,396.48,410.54,556.66,435.54,450.97,365.87,339.59,323.63,417.47,433.8,356.18,433.01,334.57,344.94,426.34,664.51,386.87,383.52,422.19,517.15,759.54,528.42,474.25,491.83,428.23,413.2,277.09,531.28,429.99,662.05,625.67,483.32,370.08,357.59,400.4,513.69,329.16,456.65,396.77,213.21,292.76,352.22,349.45,363.13,329.06,385.33,240.15,443.3,300.22,261.78,291.01,331.95,492.91,408.95,301.76,395.44,443.62,170.35,423.1,476.54,289.37
15050301,429.84,308.79,289.22,361.09,766.01,483.46,536.71,463.08,421.08,337.8,457.82,472.17,416.18,609.56,367.29,423.51,369.55,358.33,563.78,375.23,387.5,363.09,497.08,249.06,339.03,522.2,442.76,314.49,407.71,501.86,656.76,414.85,356.34,356.57,507.08,382.32,393.23,358.7,378.34,478.45,477.43,297.91,336.18,443.49,333.56,437.28,265.45,335.17,389.45,291.55,458.11,445.86,234.64,456.98,405.63,223.07,390.88,482.3,401.1,351.28,427.03,318.09,386.02,478.03,479.51,487.19,489.01,341.99,378.07,333.28,478.28,397.68,332.88,399.69,340.31,375.45,454.15,644.96,357.54,334.56,438.63,459.18,747.79,658.78,485.69,442.42,443.13,471.73,294.58,560.14,430.5,571.61,593.04,479.28,332.37,315.86,402.02,476.67,338.4,519,415.45,253.87,374.6,334.22,320.23,384.93,398.79,399.05,258.77,470.63,305.24,324.44,327.55,416.82,493.03,422.66,309.51,466.35,472.5,220.84,460.03,452.97,293.21
15050302,386.37,277.06,307.13,333.7,822.03,453.57,509.23,469.67,382.08,321.07,466.6,450.9,428.43,644.91,410.17,435.01,352.9,350.69,601.65,401.46,424.99,383.92,531.89,251.66,335.78,546.69,424.74,343.47,430.6,553.24,675.18,426.02,354.85,357.87,515.7,370.74,408.8,387.67,372.02,502.82,520.29,317.07,357.72,461.22,337.61,441.89,256.95,330.9,409.6,285.07,465.78,448.77,215.9,434.97,398.53,226.21,436.73,474.97,406.46,344.88,454.61,319.05,406.3,452.81,496.81,486.83,480.49,393.62,367.06,344.9,467.34,409.42,342.42,411.53,335.3,379.88,468.47,665.97,375.46,362.04,424.28,498.53,768.98,639.79,500.06,487.98,461.45,469.98,313.57,579.1,449.46,580.27,613.29,498.53,345.12,302.41,422.35,509.85,345.39,545.51,433.44,267.41,362.84,330.04,319.66,412.19,394.3,394.9,248.71,479.44,353.51,305.77,337.85,407.19,547,433.89,316.1,453.49,488.91,194.22,499.73,469.87,283.82
15050303,162.97,156.14,124.46,157.58,480.33,263,225.82,270.08,224.89,165.65,292.38,246.37,215.96,319.16,283.35,262.06,213.3,282.07,362.15,213.05,195.67,213.85,294.94,119.13,193.55,337.27,200.48,125.09,170.4,264.17,338.84,231.99,196.95,178,262.5,262.2,200.23,172.2,206.9,265.61,406.88,165.26,192.79,233.89,179.68,277.28,136.96,142.91,191.46,134.49,291.32,276.45,128.74,218.77,251.42,112.2,251.32,237.3,251.39,155.78,190.87,154.76,212.27,214.26,323.39,230.07,294.72,235.06,200,198.29,233.29,274.38,169.15,206.82,158.99,187.78,184.27,397.08,221.23,197.14,193.4,316.96,443.46,406.78,250.52,243.23,200.75,227.08,133.96,334.91,214.12,419.44,393.44,257.73,194.39,155.14,196.99,264.58,152.48,218.59,225.29,102.15,157.18,216.54,229.7,199.86,186.96,225.53,113.58,258.56,139.72,179.23,215.2,227.69,225.42,193.64,170.16,251.9,270.88,104.05,279.61,266.35,172.42
15050304,354.83,259.9,264.22,300.65,670.96,429.56,458.04,422.6,413.68,307.59,402.75,384.73,354.74,499.79,323.82,362.87,339.5,342.66,530.96,307.58,344.1,323.42,398.46,195.14,304.07,489.93,357.17,231.82,317.34,387.26,580.81,365.34,288.88,293.81,460.33,335.76,328.76,313.55,309.39,424.72,418.52,249.91,255.87,402.09,284.64,395.28,225.85,254.79,305.98,219.86,374.81,380.18,190.17,371.9,356.75,181.64,330.96,408.74,356.9,330.79,353.65,308.35,334.88,414.99,419.8,421.94,418.93,307.35,324.65,309.85,449.58,358.23,283.5,330.61,272.99,308.65,360.3,607.37,330.58,286.65,389.47,416.32,690.78,604.69,375.33,367.89,362.28,385.59,255.62,485.52,341.07,489.78,522.55,395.8,276.32,316.25,325.67,422.51,284.78,405.32,325.75,205.85,335.44,305.7,307.73,292.17,343.44,340.8,213.2,376.05,268.44,273.8,289.91,325.93,396.44,335.92,254.87,400.32,424.38,166.23,397.62,341.03,250.25
15050305,242.66,175.41,186.25,202.16,571.82,289.06,304.07,316.7,303.28,240.15,332.95,276.29,279.16,380.04,274.59,307.57,259.83,303.9,431.65,256.62,275.62,237.85,322.67,145.84,225.44,394.82,257.01,190.3,246.43,317.43,428.25,288.39,234.7,224.11,340.69,260.91,260.88,257.89,258.65,335.58,368.38,199.34,204.6,301.88,233.24,327.13,191.64,183.37,231.62,172.88,285.18,293.41,160.11,272,309.36,137.89,285.29,340.78,316.65,237.14,271.46,233.98,260.45,298.4,342.89,321.24,338,246.84,242.59,246.72,338.87,312.09,221.91,237.43,196.14,238.65,271.07,484.08,274.11,236.11,279.08,348.51,560.36,509.85,284.29,289.72,245.45,273.02,176.74,376.58,243.07,409.5,411.99,271.93,191.11,214.35,229.9,302.06,188.08,292.89,241.06,142.5,216.84,236.91,259.65,229.09,237.22,262.27,153.21,291.01,182.28,208.13,224.47,253.08,296.32,243.31,172.1,317.2,324.41,123.03,315.4,272.74,187.05
15050306,195.21,162.47,154.3,184.38,491.99,281.4,268.1,286.57,259.22,192.43,292.77,270.82,244.96,360.77,282.78,280.37,225.99,276.52,374.16,227.19,255.3,217.34,310.13,134.47,207.78,337.76,240.55,158.25,214.24,284.66,361.76,279.2,218.69,198.13,286.59,244.56,224.66,224.97,250.59,288.16,384.53,178.51,204.72,266.38,206.51,301.64,179.06,167.38,219.69,152.59,290.25,271.29,147.23,249.4,282.88,126.63,259.3,283.37,295.96,203.98,244.58,199.98,240.46,229.7,324.43,275.8,313.08,234.1,223,222.78,255.32,267.81,197.54,178.52,178.72,213.23,222.85,411.47,243.74,211.5,211.78,304.9,479.64,456.36,253.23,258.42,213.18,242.84,149.77,351.26,214.6,397.27,378.52,252.41,175.19,164.14,194.61,286.38,168.12,239.72,222.86,116.9,197,231.31,238.9,207.65,206.13,241.75,125.36,266.23,157.18,204.75,228.8,244.37,237.09,198.83,170.52,299.51,277.41,114.92,304.9,291.95,168.33
15060106,251.76,257.71,180.2,209.49,720.97,380.17,335,398.54,291.24,215.65,415.15,332.86,291.84,418.01,401.62,429,300.15,400.84,442.78,314.23,273.1,317.63,380.71,181.62,239.52,418.08,368.14,215.8,217.4,378.69,475.48,319.05,275.36,219.71,389.98,358.4,274.49,248.86,286.73,384.51,586.25,229.62,302.19,331.26,259.89,336.84,206.61,195.19,295.59,182.29,454.25,402.69,164.87,316.61,334.33,141.9,351.77,317.43,385.01,218.32,227.47,225.78,326.39,265.44,527.25,258.67,387.08,300.74,293.9,275.08,246.26,367.92,265.01,289.48,253.34,277.59,221.37,654.61,323.68,384.75,269.43,432.93,510.72,460.88,358.2,358.86,317.84,318.86,222.04,408.13,394.73,634.73,586.18,324.12,309.5,194.87,270.25,394.92,214.63,293.94,304.23,123.89,281.22,323.01,352.63,202.02,245.74,375.1,165.34,417.54,212.27,215.71,299.34,341.33,275.08,275.19,230.55,277.91,407.25,161.13,350.42,262.3,247.65
15070101,112.96,134.29,106.58,123.34,423.01,221.92,197.05,232.95,191.4,122.64,223.32,200.32,166.5,259.88,249.4,232.91,185.91,266.43,272.04,180.66,184.95,176.81,253.55,89.3,156.1,272.51,181.63,105.63,127.04,209.3,289.3,210.02,168.21,142.48,200.09,193.18,156.2,125.71,201.23,215.65,390.52,123.51,168.64,203.73,158.01,234.53,111.91,113.16,173.38,95.4,294.74,239.67,100.33,155.16,209.57,66.81,196.68,164.78,217.3,117.13,139.37,130.7,167.89,176.24,295.6,178.84,249.79,173.94,178.35,168.39,157.55,201.15,136.36,185.72,131.6,182.87,132.03,339.4,187.18,168.2,130.93,285.48,336.3,367.09,220.19,179.02,178.83,169.73,93.5,230.18,190.75,332.67,306.54,198.72,142.69,111.38,149.19,284.49,143.58,179.23,151.56,81.9,212.22,184.86,191.45,131.12,128.4,184.19,73,184.14,113.88,127.87,194.73,197.93,172.84,159.47,134.88,205.25,222.63,123.16,239.18,205.33,120.04
15070201,79.31,92.82,69.25,76.93,277.27,153.11,123.64,156.49,151.87,70.57,132.63,131.52,112.24,169.59,166.37,142.9,153.55,198.15,178.37,134.81,163.18,131.07,171.93,53.91,120.67,221.53,159.09,44.34,71.17,117.23,229.94,156.86,91.27,78.55,157.96,109.27,94.27,107.62,188.51,157.6,288.67,78.79,111.34,147.63,107.43,162.19,67.77,83.06,128.29,44.25,180.05,133.4,50.53,87.45,138.99,23.52,119.19,146.64,150.18,75.94,101.12,83.11,124.69,90.21,198.35,118.69,163.53,68.68,132.65,104.89,106.1,115.74,108.91,86.73,78.43,218.23,125.41,214.38,163.05,117.32,95.9,171.83,241.51,241.01,118.58,102.44,110.08,108.08,53.38,104.58,110.79,223.07,207.23,135.19,77.62,30.56,137.28,126.76,84.79,85.85,104.45,36.73,124.21,172.66,150.35,76.38,87.37,143.09,38.68,150,107.36,115.8,163.29,120.79,129.92,101.08,94.89,140.59,150.92,91.69,125.62,92.02,103.89
15070202,101.53,129.76,101.32,111.19,353.29,193.52,179.86,210.78,169.75,105.61,200.33,189.2,155.61,257.87,233.54,194.38,198.5,258.14,247.61,170.49,205.45,171.34,258.22,88.99,149.62,232.7,190.57,84.02,129.89,184.32,269.21,245.82,143.54,121.75,195.64,158.45,153.49,145,202.77,221.9,336.42,125.73,178.54,201.51,154.98,267.7,129.7,123.98,174.4,76.31,257.45,192.43,109.18,139.27,197.3,61.38,169.47,196.68,204.83,141.22,153.95,141.37,164.38,169.34,258.89,163.74,246.46,156.16,176.62,153.94,154.69,178.14,140.89,173.09,126.36,195.45,158.81,292.62,184.98,132.24,154.38,224.95,315.63,318.16,178.93,151.67,158.72,146.43,87.04,202.23,160.08,285.52,257.68,168.69,80.38,68.77,132.99,225.49,129.24,146.64,139.62,66.35,185.77,175.81,175.68,127.13,123.34,192.08,55.5,154.48,149.84,166.93,206.34,190.96,193.72,160.25,109.24,231.43,208.64,124.42,211.03,179.54,126.3
15070203,106.63,118.09,96.14,106.43,327.68,191.7,169.92,190.52,170.18,98.51,178.78,168.18,154,244.98,216.44,179.45,192.33,242.02,227.89,157.88,198.73,161.95,233.29,80.97,135.35,226.8,186.43,71.2,113.32,159.54,259.58,228.52,121.51,109.51,193.27,136.82,139.21,146.31,205.62,217.71,319.75,117.7,156.49,190.1,130.24,245.96,117.83,111.79,164.69,64.73,232.84,179.54,93.88,125.78,180.78,54.16,159.61,187.05,196.07,129.27,143.5,131.51,164.98,143.44,230.75,155.48,217.05,130.64,162.97,141.46,139.12,165.29,130.42,142.99,110.19,189.67,150.49,270.14,182.85,125.61,139.81,200.81,295.46,294.74,157.32,131.05,146.46,135.85,87.78,180.42,147.98,275.1,247.62,168.48,79.1,60.25,139.27,185.4,118.31,123.42,131.65,49.1,160.57,181.24,165.22,108.95,119.54,185.72,51.94,149.39,143.64,173.57,205.57,180.23,187.26,134.63,109.2,205.67,206.34,118.77,187.72,150.99,123.09
15030107,88.69,52.46,31.52,39.45,284.81,131.6,78.55,115.86,167.33,61.52,79.95,91.82,62.84,107.89,115.24,87.57,91.23,93.78,93.21,117.17,148.48,88.5,98.47,22.46,92.76,219.34,123.55,14.36,62.01,61.04,144.71,114.28,77.6,52.43,106.52,50.93,54.55,80.68,161.36,87.38,199.26,56.87,62.64,106.75,98.74,65.97,30.83,60.63,89.38,36.12,95.26,86.44,13.95,33.83,97.24,6.04,94.54,104.13,75.13,48.92,65.42,46.66,100.67,30.41,143.04,77.47,124.91,39.49,87.25,74.16,62.79,95.67,71.35,43.71,52.29,136.72,106.44,137.85,125.84,69.86,60.7,115.29,138.77,158.9,77.94,74.18,89.2,53.15,67.08,41.04,90.33,164.26,138.75,81.81,39.85,13.33,161.22,67.04,53.07,42.3,96.55,1.5,56.25,90.99,69.69,37.79,38.85,109.05,18.78,127.6,64.68,80.49,116.53,52.17,53.89,62.75,68.99,90.22,82.15,110.41,84.55,44.33,88.7
15030108,83.99,56.01,37.55,44.06,288.31,136.47,81.26,116.83,158.04,59.25,86.35,95.21,75.46,116.72,117.88,95.89,100.26,107.37,104.49,116.59,147.03,92.28,105.21,23.98,100,221,124.59,15.89,65.88,66.58,150.55,112.05,78,51.69,111.87,58.85,55.73,80.72,155.02,104.83,203.12,56.47,66.53,110.15,95.69,77.28,37.01,61.69,86.52,35.15,93.61,81.23,13.9,35.39,94.43,7.27,97.27,97.35,80.28,52.47,67.77,48.29,98.9,37.44,138.87,70.53,129.44,45.36,85.21,71.25,68,87.98,66.23,48.06,45.38,142.66,118.72,134.9,135.54,74.97,64.44,124.98,154.63,167.75,77.2,64.76,80.37,60.38,70.71,39.88,84.82,152.62,140.45,91.65,44.7,14.9,168.02,71.09,60.64,39.89,90.15,5.39,68.26,98.39,80.74,40.77,45.37,107.89,20.99,122.79,67.04,88.59,129.97,60.48,62.81,60.89,68.61,96.7,85.09,107.2,89.79,52.11,89.49
15050202,370.98,249.8,293.43,351.63,770.59,386.38,509.3,391.87,357.55,283.73,454.57,423.52,408.93,588.89,357.96,401.41,348.68,302.74,570.7,323.32,406.08,345.41,447.81,220.99,353.76,513.74,417.79,347.29,386.57,489.61,596.73,395.64,343.72,351.58,432.14,328.9,383.93,363.79,353.9,461.65,439.19,272.32,366.94,420.93,286.38,380.61,237.27,307.06,417.34,259.83,383.13,389.4,195.96,382.46,397.44,227.47,373.9,473.06,412.04,317.6,398.02,307.33,373.53,423.46,436.15,474.93,478.35,348.79,336.3,338.27,423.4,406.78,286.98,395.23,311.33,381.2,465.15,536.96,304.97,274.28,356.17,418.77,609.09,562.88,475.46,478.25,451.8,482.51,277.96,433.15,417.36,504.28,483.01,441.62,322.4,283.7,378.64,358.35,340.29,538.89,380.09,256.06,294.24,326.45,300.63,354.7,389.89,367.79,250.17,447.59,321.89,281.43,319.58,474.13,476.88,410.85,281.15,399.06,467.22,234.58,385.22,478.65,233.55
15080101,285.89,211.68,209.92,235.64,551.61,365.09,371.54,352.86,333.29,241.42,319.11,328.85,294.46,433.47,296.38,309.14,263.28,304.93,446.17,259.05,307.89,254.64,327.71,157.68,257.52,430.26,296.37,207.17,259.15,335.44,472.91,350.05,232.51,234.37,380.34,282.73,289.97,306.67,311.63,336.63,354.21,208.83,219.95,329.59,243.96,343.74,219.35,197.62,282.31,159.64,299.99,296.54,173.79,308.92,291.35,149.34,283.55,340.69,337.35,278.11,320.55,282.25,297.68,319.07,356.97,344.9,398.49,276.32,273.14,283.91,333.48,301.29,254.31,271.53,241.85,260.19,278.77,514.34,293.96,235.04,291.5,335.68,592.52,518.78,314,281.1,277.09,307.39,199.49,396.21,267.93,436.31,434.23,305.62,211.9,216.8,253.59,334.26,204.92,308.75,263.12,149.81,265.71,285.77,258.73,209.41,260.15,281.5,145.46,295.99,207.7,236.23,260.52,272.59,307.44,246.57,201.89,342.43,361.86,140.24,351.66,315.88,204.17
15080102,199.06,155.49,148.06,157.15,476.2,277.29,267.42,261.87,252.92,176.49,255.94,235.13,241.13,348.93,261.84,275.93,205.32,277.34,324.81,221.91,263.86,194.74,280.55,120.2,188.38,309.02,226.86,145.55,202.66,259.79,336.74,276.01,178.12,179.53,282.01,196.41,217.53,252.2,281.11,262.94,336.27,152.28,177.66,253.78,148.12,268.18,187.52,147.62,204.51,99.86,238.09,239.77,120.97,206.3,249.57,96.05,226.72,298.23,305.97,204.47,237.4,237.99,263.91,238.92,290.2,241.14,332.78,225.53,218.1,240.34,196.54,233.76,165.04,202.24,127.9,183.84,171.36,379.48,251.29,180.68,185.94,258.21,460.89,403.19,235.64,180.63,203.62,242.02,162.15,313.44,214.43,404.66,337.07,286.9,178.71,143.48,229.53,269.08,193.81,173.07,224.03,65.03,202.23,265,215.75,151.79,195.64,265.08,91.81,199.77,188.41,189.54,311.3,213.23,226.56,175.41,157.27,264.18,330.95,153.75,271.22,224.73,186.82
15080103,106.76,97.41,85.73,94,328.94,185.81,157.86,166.37,169.33,94.75,163.97,149.47,147.1,217.38,195.57,169.72,176.94,218.73,217.08,141.22,188.86,142.7,203.72,67.95,129.47,233.53,164.48,55.13,101.55,135.64,227.56,202.38,102.99,92.76,179.77,120.48,121.53,128.95,192.35,200.78,292.06,101.88,140.26,165.83,121.29,211.79,99.46,97.57,142.37,58.9,190.62,149.04,70.66,104.99,157.24,41.92,141.95,174.12,176.09,118.98,127.14,111.88,150.67,117.93,201.48,140.29,206.14,119.57,146.6,129.6,118.63,150.24,110.87,119.47,90.5,180.66,141.01,238.92,166.98,119.55,116.52,182.82,274.15,270.49,141.72,116.64,128.24,124.58,80.75,156.1,128.8,254.6,225.12,164.56,83.17,53.12,138.79,161.06,111.75,106.64,118.35,36.05,138.09,174.18,147.36,93.21,103.45,164.23,45.41,138.38,125.13,154.65,185.62,153.38,167.55,114.89,100.85,187.77,184.4,106.47,163.86,125.81,112.78
15030101,149.02,129.69,103.57,164.26,376.63,262.34,214.73,262.84,275.45,191.8,195.78,163.43,112.66,204.77,242.64,237.49,156.04,269.73,305.91,262.81,263.13,232.09,189.11,92.71,195.64,207.6,259.71,80.37,113.36,180.27,340.89,183.58,130.33,152.31,211.19,201.87,192.87,196.66,290.96,270.52,362.17,89.9,199.72,181.97,167.06,192.96,89.56,112.81,169.96,63.07,228.21,214.46,81.26,158.48,139.62,30.69,202.87,196.14,187.9,135.84,102.17,100.51,144.18,75.83,299.54,116.85,154.29,93.94,160.83,124.99,119.55,141.62,152.87,145.05,95.31,218,133.02,337.65,199.2,239.77,159.5,230.84,278.36,230.9,133.75,182.88,165.48,165.92,64.17,160.63,195.03,315.96,272.85,125.87,150.51,69.94,152.82,246.26,106.11,89.76,134.28,43.2,170.03,253.41,258.79,89.65,88.88,144.73,80.11,229.38,130.73,154.38,138.68,122.04,138.81,169.84,111.7,110.15,220.24,85.72,82.94,119.75,145.24
15080200,557.26,443.06,393.72,477.86,740.25,704.37,681.48,678.09,692.71,436.55,574.35,591.54,447.22,580.11,387.19,455.57,470.96,426.81,653.76,384.42,459.09,451.32,461.42,255.67,428.55,622.84,515.45,273.61,428.71,478.18,803.75,475.4,409.8,436.76,621.8,458.7,402.59,407.55,421.42,599.84,534.18,315.61,330.5,620.02,364.27,452.82,314.89,321.22,429.57,309.03,565.11,544.55,263.08,561.8,485.96,277.61,412.72,517.61,431.16,480.08,442.36,405.01,417.59,550.19,525.68,539.51,550.32,393.29,452.71,399.23,561.95,397.26,365.81,418.84,368.6,463.96,516.02,741.69,392.79,343.7,510.28,464.91,830.28,712.52,511.55,465.56,566.85,523.77,340.43,610.47,432.36,614.95,722.5,595.79,452.05,460.44,480.89,608.33,394.43,550.77,468,312.14,495.6,439.34,359.74,368.93,479.85,470.12,314.67,550.52,358.83,390.1,358.98,505.42,528.9,467.49,373.66,488.29,534.73,265.81,471.97,464.9,318.07
15080301,340.03,229.72,254.19,270.93,679.52,380.1,469.88,356.98,347.59,273.81,469.35,368.86,402.96,562.53,349.62,396.08,300.03,276.08,560.47,282.62,359.49,295.3,413.22,211.59,337.75,517.63,399.14,351.44,362.44,464.48,554.53,406.76,322.28,337.32,350.94,279.53,348.66,353.37,387.09,450.18,458.13,311.33,339.21,382.51,281.17,334.89,242.33,285.97,400.78,263.75,332.57,356.34,216.14,336.27,356.89,187.17,377.48,436.05,420.14,308.65,373.39,309.68,351.35,379.19,414.71,399.67,452.46,332.93,315.62,274.89,422.3,396.95,275.03,361.06,302.01,329.66,460.64,481.23,299.68,255.5,355.45,376.56,532.57,505.43,484.81,481.46,429.44,485.71,273.38,416.82,462.86,447.7,440.77,408.04,308.62,318.71,382.99,298.98,315.94,483.21,312.06,274.53,229.67,356.38,293.59,322.91,367.29,317.05,256.04,387.68,280.13,265.03,359.15,465.14,401.26,383.72,288.97,399.7,458.81,211.41,372.81,460.95,217.28
15040006,305.54,205.11,216.89,267.52,609.06,333.67,370.07,334.34,280,183.11,432.6,338.64,316.68,521.79,324.99,394.62,248.03,280.03,467.38,271.35,311.45,244.22,373.02,164.02,253.8,456.94,317.21,307.18,289.12,394.92,469.94,314.4,295.85,265,286.19,278.89,332.8,267.71,295.75,370.83,460.62,272.52,302.83,343,242.53,289.97,208.29,239.18,357.86,189.04,288.79,317.71,194.98,294.47,259.88,143.15,377.13,425.83,332.76,282.81,369.32,312.46,330.28,310.06,407.44,317.43,396.64,309.65,261.52,238.42,338.55,380.6,260.78,312.68,297.96,298.09,374.7,418,307.05,253.86,341.22,398.51,518.33,405.96,453.92,442.76,405.52,431.79,225.17,411.24,468.27,451.38,387.7,363.52,277.56,333.18,401.22,297.3,268.99,391.16,265.99,248.61,162.83,350.44,296.9,298.12,348.72,311.25,244.32,389.34,253.42,216.7,294.28,376.98,376.11,358.77,251.49,359.04,373.44,179.98,340.46,419.17,208.71
15030104,88.55,80.67,61.14,77.56,302.43,162.44,117.33,156.67,179.19,103.24,120.13,134.03,115.84,164.66,156.14,141.75,129.33,163.38,153.13,157.4,179.69,123.05,145.63,42.02,127.79,203.41,153.97,37.58,66.97,107.42,210.96,146.7,79.8,83.08,154.42,111.85,110.61,121.51,217.21,148.44,270.15,60.19,125.08,128.28,121.56,116.26,50.05,78.96,108.79,40.38,181.79,137.95,35.6,80.93,121.6,13.59,113.54,137.24,136.46,80.61,72.51,75.56,118.88,61.46,186.55,108.64,139.55,63.28,117.4,103.88,87.46,106.32,93.61,80.83,62.76,186.57,111.07,222.58,151.3,155.76,81.99,153.97,200.12,168.47,120.09,131.43,94.15,133.59,48.94,93.69,105.81,239.04,175.53,115.12,93.55,62.54,139.71,148.31,73.41,45.61,103.42,29.4,107.09,185.78,181.9,74.41,65.41,139.15,57.3,152.84,118.83,103.16,140.61,127.8,124.41,117.02,98.47,85.27,138.11,93.71,91.2,85.29,94.05
15040002,290.8,228.15,258.21,260.63,623.19,363.61,355.19,320.41,247.81,180.86,389.07,332.81,322.13,480.3,348.6,397.09,210.36,318.88,450.91,313.27,293.85,199.06,359.47,152.03,300.83,402.48,304.79,285.06,278.59,333.52,440.67,321.34,292.04,259.92,322.74,297.54,321.86,265.08,274.35,396.98,486.51,266.64,294.02,319.91,224.94,268.86,184.16,231.96,312.81,177.19,268.84,283.45,189.56,274.65,243.31,129.59,374.5,457.31,304.01,256.19,355.9,310.12,308.45,272.23,383.05,280.07,353.77,321.95,279.54,242.11,282,385.86,254.63,295.36,302.32,267.6,320.88,424.93,289.45,278.73,293.76,372.53,529.9,399.29,458.52,425.14,350.85,405.2,190.85,393.87,437.09,458.38,378.43,361.06,217.82,336.86,394.11,323.08,233.76,329.03,271.83,305.02,209.33,383.56,333.42,359.84,363.99,331,221.56,405.2,224.49,197.01,282.01,350.43,406.7,339.66,245.83,316.92,326.03,173.88,315.01,399.68,209.65
15040003,292.97,220.08,231.31,289.59,595.85,305.82,331.4,310.88,270.32,168.68,396.44,346.41,287.82,520.54,309.34,387.53,238.36,287.51,463.4,282.28,297.68,233.79,367.94,154.31,255.16,450.29,307.67,302.82,290.63,383.09,447.45,304.42,288.32,244.18,291.86,265.99,325.27,251.73,274.88,347.98,472.69,272.68,301.72,351.22,225.63,290.88,209.19,238.58,360.33,177.76,272.66,299.48,181.05,278.59,228.96,124.86,372.51,440.24,292.96,262.81,355.23,304.64,316.56,299.88,386.04,299,356.67,308.95,272.8,243.35,318.43,405.36,250.05,307.85,314.42,295.3,378.47,410.79,317.65,260.3,348.76,383.43,530.77,386.94,474.72,441.93,398.86,438.34,189.23,418.21,506.48,458.97,351.3,372.71,264.32,345.86,385.85,299.96,258.49,355.71,255.41,254.1,142.58,366.93,288.05,308.76,343.19,298.24,241.3,370.59,244.22,197.51,287.31,346.13,371.72,335.83,263.32,366.66,354.61,172.73,312.49,406.41,185.49
15080302,337.1,229.85,256.38,271.99,700.63,411.72,467.86,360.77,342.02,296.8,476.5,373.81,394.89,582.41,365.23,410.97,287.36,308.36,571.66,283.04,331.11,349.75,472.24,236.72,380.52,580,433.58,345.59,363.03,507.9,533.44,372.21,338.56,335.5,310.94,272.62,367.16,311.2,350.28,409.99,523.89,336.69,366.66,384.04,301.72,311.53,277.67,311.76,433.03,267.76,351.67,357.29,206.29,297.67,361.41,168.85,376.67,447.71,416.03,370.39,400.28,313.18,385.59,398.61,420.59,395.52,454.81,323.04,331.26,261.14,448.55,441.42,274.25,354.28,325.97,329.26,516.99,494.06,297.76,263.8,416.62,421.04,599.12,538.84,506.53,532.02,455.31,529.88,277.64,461.62,515.96,476.54,457.15,423.42,316.23,360.95,417.03,330.5,332.97,521.35,330.13,283.03,226.2,366.68,293.2,316.37,388.8,304.93,284.3,398.9,288.15,262.04,365.57,469.25,415.35,375.92,308.89,421.54,488.06,211.15,396.67,467.52,225.6
15010002,249.2,253.24,240.29,256.43,442.93,458.96,463.71,387.05,463.8,293.44,370.23,304.93,280.98,354.5,341.93,417.08,252.44,368.66,342.95,346.41,389.85,322.93,334.58,265.87,333.37,303.17,438,217.55,265.46,319.48,338.04,308.69,252.73,227.76,313.29,386.31,329.29,350.31,356.54,417.75,513.19,198.01,343.92,251.43,340.39,357.23,242.99,245.39,353.38,189.37,354,366.91,233.05,289.25,270.19,148.69,429.19,363.52,263.78,270.91,292.75,251.05,269.21,235.98,450.9,294.76,370.59,250.92,417.75,301.66,304.14,315.25,297.75,259.11,285.2,283.17,253.18,538.14,327.66,453.53,399.49,449.2,450.55,360.63,305.45,336.46,390.79,315.96,188.15,346.01,328.98,440.41,441.89,284.19,376.2,250.4,339.75,456.8,257.14,297.5,275.29,168.4,288.91,433.68,407.97,269.95,257.79,301.75,187.34,434.76,254.06,280.45,320.34,238.06,397.32,387.52,275.54,273.73,394.79,130.68,270.57,266.38,342.28
15010004,317.39,294.19,286.1,291.19,597.71,526.35,622.33,467.35,484.27,316.99,467.52,345.33,328.58,404.26,426.55,486.1,331.13,427.71,497.7,408.35,475.4,386.88,434.93,320.47,423.79,380.88,548.44,273.2,313.81,410.98,442.37,358.62,347.43,290.13,407.22,454.18,423.19,400.29,438.71,528.62,589.78,253.16,387.12,324.73,367.12,436.68,288.2,280.34,438.89,219.46,398.19,454.51,259,363.93,330.25,195.11,512.82,461.29,345.08,356.78,366.35,303.31,343.92,331,599.34,358.4,404.4,315.39,473.3,384.7,365.6,422.62,347.24,323.38,336.39,340.95,319.08,606.63,377.06,513.72,469.55,541.4,563.38,391.44,440.19,454.25,487.35,396.32,257.33,514.41,438.97,554.05,513.4,366.25,420.17,290.36,431.39,511.68,387.42,348.09,324.12,233.56,348.11,479.36,445.21,308.31,326.41,379.09,241.31,460.72,315,316.89,360.71,292.38,469.83,434.9,327.62,358.81,441.43,170.88,356.07,347.96,396.1
15010007,218.31,198.63,181.11,214.22,460.44,371.78,320.83,355.56,370.89,242.06,266.69,238.64,196.52,289.29,322.82,310.92,222.02,327.37,364.62,313.07,346.14,295.98,269.18,172.54,290.57,254.19,353.85,150.6,195.71,276.27,371.87,270.71,191.14,201.82,269.4,314,258.38,272.69,356.59,404.21,449.6,162.62,262.97,228.13,228.12,267.28,139.7,197.13,284.49,144.43,332.42,317.48,180.21,237.08,253.15,93.18,321.15,315.84,261.72,225.4,205.66,210.93,230.65,198.36,428.98,225.93,306.68,194.69,332.82,244.59,245.64,295.3,256.93,204.75,190.05,288.46,208.8,482.32,283.73,319.45,284.01,340.12,393.87,290.3,251.7,305.38,316.49,288.17,141.91,381.87,320.26,381.98,395.12,250.62,214.51,137.89,238.15,337.09,205.75,204.39,222.74,114.44,236.81,356.4,340.69,196.19,187.59,214.35,146.54,332.4,210.92,221.78,226,248.56,254.11,314.87,224.52,210.1,321.83,114.02,198.6,223.05,225.38
15010009,260.47,242.82,251.13,266.83,392.37,460.71,410.23,361.65,449.83,287.8,350.16,324.21,303.11,357.77,326.13,415.69,261.77,355.03,305.95,345.98,383.51,317.64,315.9,249.64,317.72,291.75,401.57,208.47,257.77,315.69,303.11,303.49,238.5,211.86,302.87,378.86,298.82,343.26,323.93,372.67,504.25,192.72,338.86,243.11,331.91,348.47,250.07,233.6,326.35,169.3,324.67,326.28,223.76,281.76,252.64,133.72,411.51,328.49,223.77,237.58,284.78,233.97,280.77,210.21,419.45,271.85,367.23,238.88,397.68,287.11,305.36,290.87,289.86,246.04,281.47,253.75,238.02,512.1,296.93,455.33,389.05,418.71,462.12,355.32,292.24,305.9,389.55,301.89,175.93,272,276.29,439.68,421.67,277.6,407.05,292.51,342.69,497.6,231.91,300.18,269.1,154.21,298.43,449.19,443.72,278.93,239.96,260.14,175.86,485.01,250.17,288.52,301.56,249.24,374.53,408.11,282.93,306.3,447.14,144.16,303.11,271.71,395.7
15020002,285.42,248.51,243.66,239.3,585.23,385.02,427.3,383.67,330.47,248.19,424.51,285.75,291.98,402.03,433.08,406.87,245.49,329.58,455.65,342,360.84,274.73,445.43,244.93,337.53,388.15,384.93,278.8,350.03,334.7,452.29,302.11,342.5,286.4,379.85,364.14,303.52,295.06,266.68,413.8,501.85,235.82,286.85,275.32,245.84,321.8,303.79,288.7,338.46,154.07,292.07,385.8,224.34,306.73,282.94,199.47,387.62,343.58,355.92,236.71,315.55,276.18,275.54,325.69,409.5,253.91,372.03,293.41,343.74,269.04,340,347.19,292.67,304.04,315.11,281.18,324.96,447.47,305.33,337.28,308.38,416.48,396.34,453.27,386.69,404.02,340,345.09,223.72,343.57,286.15,477.31,358.81,391.15,258.74,257.39,333.35,291.07,283.71,292.38,280.73,268.97,233.22,264.5,275,272.84,332.47,304.27,170.63,373.13,274.48,205.44,297.7,255.78,406.22,286.15,222.59,325.31,345.8,195.5,339.79,374.13,245.56
15020007,228.85,200.26,188.64,198.91,445.31,313.47,361.62,328.27,272.03,207.09,388.92,202.92,252.21,343.07,346.23,330.6,174.65,279.9,366.09,272.28,290.69,196.51,362,189.14,281.84,323.08,345.16,224.24,309.17,246.23,364.55,245.58,267.72,217.27,300.15,309.97,250.69,221.99,217.28,344.58,448.74,192.99,215.56,227.27,210.47,247.1,255.03,261.43,268.3,113.61,206.82,307.88,182.4,254.78,231.16,145.01,315.54,243.05,252.91,184.72,258.53,211.56,218.94,257.93,343.33,218.66,279.48,237.73,287,219.89,264.36,256.56,234.5,237.38,251.15,192.33,270.01,355.21,247.66,284.98,260.15,399.9,305.9,361.72,352.42,326.08,273.86,254.74,179.37,262.09,260.6,391.04,328.4,303.65,225.31,196.59,299.25,281.28,207.53,214.23,181.18,230.75,157.76,206.01,223.18,201.16,252.54,185.36,114.53,300.16,209.15,124.73,201.39,204.89,297.64,236.29,171.79,247.75,243.69,162.95,260.24,309.3,208.77
15020008,239.3,226.7,213.04,219.71,603.49,395.11,394.6,407.24,345.85,248.36,415.1,289.93,286.23,378.39,392.14,388.85,285.89,309.58,424.73,328.62,341.12,306.62,449.72,228.37,333.42,343.63,422.02,246.21,307.58,323.18,424.76,286.65,304.11,250.52,343.85,336.44,298.74,281.14,261.94,418.65,482.72,239.93,268.25,286.49,249.53,311.19,278.84,250.4,348.1,165.74,334.19,387.29,218.18,302.88,285.64,180.42,385.56,322.02,334.85,249.09,291.63,257.61,283.19,288.04,432.92,265.32,367.36,254.58,324.03,264.54,308.41,365.72,288.35,268.16,285.36,283.96,315.41,455.27,284.27,362.68,339,437.57,381.9,394.83,372.63,343.34,357.45,314.68,216,291.84,332.14,478.1,389.06,302.79,285.48,255.38,344.47,357.66,293.63,279.47,272.18,194.27,246.81,335.78,298.14,234.09,316.37,297.33,177.93,395.78,282.84,222.27,334.52,272.72,437.53,305.88,232.5,262.95,333.66,154.8,293.96,326.12,248.67
15020011,226.29,207.65,195.1,203.71,423.86,322.39,346.46,312.27,295.49,215.55,377.61,201.63,263.21,317.76,317.18,317.6,177.91,253.65,336.73,253.49,285.23,206.93,361.51,198.93,277.21,309.75,354.24,226.13,298.73,245.05,357.88,236.77,253.35,208.54,300.38,308.87,260.73,227.89,215.98,370.57,469.78,217.91,218.71,242.67,225.29,259.27,269.14,265.79,271.33,122.11,205.01,306.54,179.01,254.92,213.82,150.68,328.64,241.01,241.21,194.51,261.45,214.47,222.09,266.66,365.39,225.95,266.5,237.21,289.21,222.35,266.01,269.48,235.26,239.69,245.85,196.29,254.02,360.19,250.17,266.03,262.68,372.48,303,335.59,373.64,301.24,292.32,252.27,149.44,246.59,251.92,346.87,293.7,251.19,235.32,185.7,296.73,300.6,222.63,225.62,192.65,190.58,169.06,234.94,230.72,207.79,259.56,209.9,128.26,286.18,219.96,146.24,207.45,182.22,328.55,231.39,183.31,201.36,250.21,138.95,207.89,280.82,201.21
15020016,202.2,193.14,189.78,203.64,431.01,381.27,404.03,333.57,334.23,233.06,362.48,234.05,242.55,316.04,305.14,338.15,223.1,285.59,313.17,271.49,304.99,249.11,329.06,207.83,309.94,283.9,389.22,202.56,265.64,270.89,315.15,251.14,244.84,215.07,283.61,306.47,282.12,262.88,266.74,376.26,427.57,194.28,255.15,220.62,235.01,271.39,218.71,223.52,310.1,159.55,267.98,330.1,193.05,252.51,225.4,143.51,347.53,275.2,239.91,237.94,245.41,207.33,224.73,220.45,388.98,235.51,282.01,206.88,283.42,242.46,238.24,331.36,240.79,206.59,233.1,224.15,226.91,399.15,259.79,316.55,329.16,364.55,358.21,258.39,322.43,321.39,328.83,260.1,148.14,293.63,260.03,384.99,329.59,243.06,247.34,184.19,335.68,360.48,285.09,249.37,230.18,169.91,220.77,325,278.8,247.57,221.51,250.49,159.97,306.16,241.2,229.02,332.38,206.83,425.41,317.85,249.56,252.61,317.24,125.54,298.07,298.6,301.44
15020017,168.44,165.12,160.07,170.17,365.16,324.52,304.39,281.89,291.5,212.44,328.08,196.95,225.05,292.34,269.29,286.5,168.06,226.8,254.43,221.82,249.6,199.36,304.91,174.33,262.58,257.01,339.64,185.05,259.34,205.62,285.56,212.12,211.37,185.46,245.62,256.74,238.94,204.36,214.86,328.17,397.01,192.68,198.1,195.54,179.86,220.92,222.6,212.36,235.66,125.51,203.6,281.54,179,210.5,174.78,133.24,305.39,202.98,201.68,182.79,218.7,175.57,193.91,199.33,332.67,196.96,222.58,179.15,229.82,193.7,206.38,261.06,196.92,184.97,199.98,172.44,204.4,316.89,223.49,254.17,239.22,318.03,300.09,272.49,316.76,252.71,269.82,235.58,111.48,223.66,207.92,306.48,263.38,193.39,202.09,142.17,279.48,282.74,214.56,196.35,171.97,139.45,147.34,249.38,220.7,203.67,192.48,189.92,120.79,259.58,201.65,156.05,242.76,156.74,350.06,237.12,192.42,140.84,235.17,77.16,172.83,244.44,216.41
15020018,150.63,153.56,157.61,173.69,355.21,335.16,306.95,269.55,283.49,204.37,306.53,204.92,212.73,286.28,250.79,298.69,180.04,230.17,232.44,226.5,239.73,197.91,274.61,168.43,259.99,235.93,340.74,175.65,241.65,214.68,247.85,216.24,190.56,171.77,226.78,245.08,234.33,224.13,206.83,318.76,401.58,179.25,195.44,184.88,178.76,211.54,216.1,207.99,230.48,125.74,208.2,284.44,184.65,196.22,159.97,121.58,304.31,190.71,184.33,183.13,216.13,173.22,186.78,172.36,333.01,185.65,210.54,168.74,227.23,176.74,184.73,268.57,189.62,170,189.24,172.79,165.54,319.82,231.48,265.68,253.21,298.68,308.87,238.58,279.26,238.08,272.67,227.38,112.3,235.73,189.28,302.18,282.11,193.33,203.68,136.47,275.83,266.45,190.22,192.12,168.48,132.09,136.59,264.17,243.46,216.44,184.66,194.1,123.75,261.3,188.59,167.8,255.55,130.33,329.97,234.94,197.09,169.82,214.76,79.2,185.09,221.07,240.53
15030201,252.88,227.12,210.81,234.16,636.07,416.04,367.43,418.7,393.23,271.28,361.65,302.84,254.06,350.42,396.87,405.96,296.61,379.25,508.45,376.12,420.46,342.75,343.52,230.23,340.49,345.01,470.07,195.61,227.14,353.4,490.64,316.03,255.31,266.76,341.16,353.08,332.21,318.66,394.21,460.16,533.09,192.05,302.25,309.63,281.1,324.72,195.18,229.55,311.08,173.79,410.44,411.57,222.93,319.12,323.48,119.52,386.98,387.06,342.99,283.65,252.21,258.91,308.19,273.94,539.33,258.07,372.63,246.21,384.14,321.67,290.23,372.04,294.35,272.97,227.19,361.73,252.22,573.52,332.99,411.6,339.46,418.66,497.78,359.59,351.61,384.25,385.25,347.82,210.88,418,380.87,488.2,508.05,268.85,275.18,185.41,310.44,444.38,259.34,282.83,298.01,132.78,306.26,438.75,412.84,262.87,217.6,306.13,181.23,368.41,266.75,277.66,292.28,329.88,316.28,359.59,264.51,237.44,411.99,141.44,293.19,289.89,312
15060201,308.25,267.82,272.09,294.18,705.93,479.15,448.92,455.83,431.63,293.73,447.3,329.56,306.61,394.11,424.37,468.59,348.42,392.6,556.63,406,492.21,373.83,399.25,287.75,406.28,376.15,555.81,241.28,258.65,434,520.28,346.33,342.99,290.08,379.47,440.64,377.28,372.98,431.11,520.19,570.07,228.03,350.7,331.7,320.25,373.24,251.5,273.84,407.65,214.35,432.61,464.43,271.12,375.35,372.36,183.98,477.13,464.06,379.53,329.55,326.62,298.6,344.28,341.61,631.73,323.91,434.15,299.42,462.53,412.1,375.18,440.22,333.18,316.71,298.61,377.46,312.07,620.76,362.46,453.79,415.81,493.64,587.95,400.66,443.16,481.41,484.16,390.6,267.34,549.91,467.91,532.6,517.78,350.7,363.72,266.35,380.01,484.87,369.47,358.99,338.5,218.06,344.49,479.89,474.25,306.23,299.45,386.72,229.26,467.6,321.01,331.49,363.82,331.47,396.25,421.58,333.94,351.67,460.19,186.3,385.25,356.79,350.28
15060202,394.66,367.51,318.43,321.44,1035.55,606.17,605.08,620.25,537.02,377.35,608.81,501.12,451.11,519.93,631.16,619.7,508.7,549.9,714.44,532.51,542.14,547.61,578.07,371.5,457.95,488.89,620.3,348.06,369.43,537.13,609.46,475.76,396.91,363.58,507.92,519,475.2,488.83,391.37,653.33,722.78,305.74,439.85,468.91,437.1,480.43,330.21,352.35,552.14,275.49,567.66,552.11,318.11,480.29,463.56,217.63,613.88,543.73,510.61,413.04,436.94,388.21,422.25,424.26,866.56,420.82,540.94,376.39,530.03,502.39,440.68,571.21,449.27,390.62,401.33,475.19,411.19,787.79,461.58,640.25,511.43,718,751.69,509.36,529.46,553.04,576.53,456.94,284.66,555.68,554.2,738.23,697.66,449.3,519.37,341.48,534.64,628.62,431.46,457.58,402.07,268.09,425.31,548.93,574.91,359.95,403.04,514.65,298.32,641.14,393.92,412.64,514.88,425.09,554.45,525.41,414.58,444.85,597.83,257.65,543.5,445.25,500.8
15020006,300.15,281.95,265.59,266.58,500.3,348.78,392.17,342.68,334.34,237.73,449.26,224.78,355.66,355.64,368.36,375.22,212.8,296.72,430.28,299.2,328.5,245.71,398.24,231.88,301.63,364.14,400.48,273.41,376.46,295.97,440.37,301.11,313.33,264.16,336.76,371.7,311.71,300.59,271.29,392.64,555.42,234.85,261.45,297.24,271.96,310.64,323.07,338.89,321.02,145.84,231.99,337.09,201.84,297.6,272.55,171.66,416.11,302.3,293.29,223.9,341.98,276.87,270,344.29,436.52,294.12,321.71,311.78,397.84,278.55,326.07,336.23,285.72,310.6,328.63,222.87,285.45,420.28,305.04,308.36,330.51,464.64,393.8,391.87,423.26,450.12,384.13,333.39,191.22,382.51,373.32,410.79,374.13,345.37,294.34,268.81,448.38,395.68,269.62,305.52,257.91,288.1,227.57,258.2,297.56,283.63,333.76,288.66,207.94,337.23,314.37,182.25,282.57,223.63,376.58,299.73,255.35,245.21,310.61,191.09,259.74,365.23,241.86
15040004,445.88,383.67,366.05,341.59,926.34,591.6,567.83,540.49,390.57,333.24,530.63,448.81,450.3,625.63,571.12,671.75,314.59,492.64,588.21,471.05,445.2,420.34,565.36,339.16,475.09,540.72,507.58,489.64,477.22,459.37,690.89,533.7,494.74,458.36,550.4,502.48,456.2,444.51,425.02,612.28,739.58,384.06,441.68,471.61,342.32,436.19,400.07,416.03,529.14,262.52,459.13,514.46,285.7,430.93,407.96,266.58,613.99,638.42,518.42,410.47,524.68,463.13,505.72,435.11,624.5,412.61,631.03,411.54,445.9,344.87,483.7,614.98,393.65,461.53,474.51,419.82,424.07,730.8,476.14,478.97,432.64,585.59,765.5,651.33,607.26,672.97,531.4,537.71,306.8,576.06,591.14,699.94,532.02,583.79,367.81,497.35,538.1,527.15,464.23,476.73,451.66,405.46,431.93,529.72,525.48,547.54,575.16,539.69,350.19,546.52,439.21,334.65,523.34,415.07,584.63,469.49,331.31,391.81,507,277.5,435.55,565.42,355.64
15010005,216.89,198.78,181.94,222.17,352.66,374.25,309.94,299.58,350.6,224.2,275.92,233.76,209.27,276.23,279.67,316.04,207.68,297.52,253.01,276.73,292.96,258.07,248.19,175.46,264.45,229.06,326.61,155.21,193.58,251.74,276.97,252.05,178.39,174.2,235.32,293.85,234.8,271.02,269.29,318.77,413.3,141.07,260.43,189.91,244.86,265.46,170.32,179.29,266.63,126.77,278.92,288.11,137.06,230.73,235.73,97.18,306,278.86,209.53,204.92,204.16,178.06,209.86,155.31,392.18,220.74,268.88,176.25,304.88,227.17,227.43,251.44,234.57,197.34,205.24,240.83,190.91,449.79,248.23,327.38,268.92,311.52,363.81,257.81,207.58,267.4,304.88,257.63,134.54,334.61,286.63,349.1,341.06,235.64,237.65,156.92,216.68,350.16,179.46,190.54,216.5,90.24,222.86,357.23,304.27,166.45,198.17,202.24,136.81,322.9,190.15,205.16,190.7,184.13,247.73,300.96,197.53,200.96,303.28,89.31,165.61,177.19,214.38
15010006,236.03,205.29,202.09,227.75,345.01,390.8,332.87,303.07,362.09,222.24,292.17,250.56,236.78,289.1,284.79,344.27,219.21,304.94,243.69,295.86,300.96,274.51,258.62,192.65,269.21,237.04,325.79,169.57,199.69,266.88,264.93,270.66,188.74,173.13,248.69,302.49,254.09,290.95,267.33,311.48,437.4,141.84,275.49,210.09,264.57,291.99,192.07,184.63,282.19,127.7,264.92,277.02,147.25,240.49,215.67,101.63,343.11,275.45,193.53,207.52,210.02,193.56,218.09,155.73,370.73,216.61,283.22,187.71,335.21,236.88,245.97,243.99,246.56,204.53,224.98,228.67,195.11,468.18,256.24,383.35,265.05,333.89,385.09,269.57,216.47,230.32,317.83,240.42,135.29,257.73,238.64,378.73,356.62,242.44,317.38,217.55,262.4,416.31,179.82,229.11,222.54,89.31,235.22,377.33,352.05,199.28,195.06,212.59,146.66,397.76,210.51,242.61,206.67,189.63,273.3,315.67,218.84,235.98,360.99,111.66,218.56,195.52,313.69
14070006,148.79,157.65,166.58,172.2,329.56,322.45,284.87,263.4,283.66,211.46,284.27,221.39,198.24,269.81,242.77,290.49,186.33,219.15,211.02,228.73,233.43,201.77,241.61,160.08,244.82,214.2,303.93,168.08,217.11,209.49,198.88,214.28,165.97,150.35,207.75,222.55,221.01,221.66,203.83,301.19,375.11,160.26,173.87,163.82,171.53,198.44,193.57,198,209.55,117.82,202.76,258.82,177.32,182.5,139.56,110.37,297.8,172.06,169.62,173.15,199.86,157.61,173.04,140.49,294.92,163.36,191.62,152.18,212.44,163.27,163.91,251.82,169.7,145.4,169.07,155,128.64,301.64,222.98,269.03,259.84,247.96,276.63,186.48,228.46,216.7,250.07,176.23,112.04,200.32,167.81,290.19,260.07,178.38,201.35,143.68,265.28,258.7,161.87,197.32,174.98,118.41,135.67,279.11,261.75,222.74,177.39,185.78,126.21,270.32,179.24,149.61,248.14,115.33,307.39,212.36,177.86,173.08,221,77.99,172.11,173.88,210.08
14070007,229.62,234.27,236.36,243.53,395.13,424.11,387.23,346.74,389.59,278.23,357.47,301.95,273.39,342.38,316.7,395.16,243.44,319.46,293.71,330.54,329.82,301.02,304.82,229.54,308.9,265.9,392.82,218.8,267.94,295.23,264.92,289.33,221.81,207.84,275.66,337.96,307.62,321.05,279.11,376.37,468.32,193.58,275.54,234.18,285.2,315.52,244.24,236.44,303.23,158.07,283.87,316.18,210.2,275.72,215.6,135.23,392.44,278.71,222.68,241.71,264.39,240.68,249.42,197.33,396.17,233.47,318.42,223.23,354.07,252.29,257.32,298.54,265.51,214.12,254.38,219.72,198.44,444.02,289.05,415.74,355.5,370.94,397.82,271.72,297.72,302.21,355.43,243.69,170.79,262.84,246.66,407.32,413.31,257.99,327.77,228.7,345.76,399.63,214.76,294.34,250.67,159.88,211.35,414.44,374.64,295.34,214.05,261.23,186.1,410.33,239.42,237.01,312.15,197.45,367.11,292.6,230.63,262.14,344.92,120.85,234.28,224.15,326.38
14080201,202.74,188.01,187.11,195.29,352.59,325.87,313.47,276.98,305.95,216.75,358.8,217.37,253.35,349.67,292.76,317,198.15,264.77,299.01,275.23,293.96,224.42,324.73,207.96,261.72,292.45,366.5,245.27,296.75,242.17,331.22,238.39,245.55,187.88,274.29,273.45,272.2,264.41,209.52,342.2,478.24,194.34,216.46,255.88,208.37,233.96,277.17,268.43,276.33,122.33,212.73,265.95,224.89,230.22,193.94,139.72,414.54,201.52,214.59,199.05,271.78,214.76,222.13,221.32,394.71,205.79,210.01,220.68,294.69,237.06,237.25,279.38,235.64,221.91,226.05,174.28,186.79,356.98,276.91,260.43,247.46,323.15,338.07,235,296.25,327.05,303.24,250.67,120.02,258.76,228.64,309.12,312.61,217.5,251.36,211.56,328.47,268.95,201.78,213.13,184.2,147.76,202.12,247.93,258.69,231.43,258.97,238.14,158.52,305.06,181.07,160.78,253.39,164.73,391.14,263.01,208.06,154.18,278.24,126.35,255.47,233.12,240.14
14080205,159.69,165.21,173.74,170.31,334.63,312.02,291.25,261.12,287.69,205.25,301.98,213.04,216.72,292.54,258.57,288.71,181.94,230.7,239.52,225.67,247.68,213.83,274.79,172.7,255.83,226.9,338.7,192.57,234.88,213.25,259.22,230.04,206.53,161.93,229.12,229.01,245.14,237.07,234.75,327.37,407.69,175.36,178.78,203.97,195.04,191.12,228.28,230.27,243.12,117.26,211.07,257.23,174.36,188.36,143.7,118.97,327.27,175.88,177.36,195.65,236.54,178.76,169.34,165.19,345.01,188.46,201.06,177.14,239.73,185.51,181.9,264.31,192.86,169.16,178.9,159.97,134.46,307.96,229.7,254.28,239.73,279.01,306.55,216.67,255.35,246.09,313.1,210.38,120.46,231.72,199.75,277.43,270.01,188.99,207.38,161.43,274.36,239.95,179.85,183.09,168.6,138.08,148.74,249.85,273.9,219.63,188.43,195.2,140.38,277.37,160.53,153.19,223.05,125.59,342.24,225.61,175.79,154.85,238.23,94.51,182.8,199.43,212.51
15010003,292.97,303.38,298.35,273.72,459.91,505.86,476.96,411.59,487.6,325.52,410.51,369.74,335.44,403.96,373.88,476.29,291.16,421.2,364.27,416.22,440.49,370.95,370.01,326.69,360.48,346.79,467.83,261.79,307.57,355.75,349.88,336.62,274.76,258.75,345.41,429.65,376.64,404.09,367.64,450.96,566.1,236.94,369.67,293.43,382.43,407.2,289,273.36,390.67,194.64,367.03,395.16,252.7,351.55,273.6,157.89,474.04,380.16,266.87,295.76,330.53,296.81,314.76,268.21,479.89,323.98,395.15,275.24,439.38,328.74,339.66,332.74,351.83,274.73,333.64,267.79,259.37,596.34,352.66,520.17,439.22,506.7,524.53,383.47,380.74,360.97,434.95,340.02,204.39,299.61,310.39,506.73,519.95,323.11,470.33,327.77,408.86,520.74,285.88,359.49,320.43,215.47,327.21,530.17,489.88,344.8,254.4,339.29,208.21,540.91,290.27,308.79,358.87,285.24,470.5,422.5,295.49,325.72,473.52,166.02,322.61,305.92,447.88
15060203,347.53,379.57,290.67,318.5,1105.59,610.56,579.48,641.51,511.77,372.74,624.31,527.91,488.89,605.78,664.65,671.42,529.23,560.26,691.87,509.45,498.12,571.31,620.43,350.02,443.99,557.37,676.13,357.48,397.58,592.85,743.46,495.81,407.01,363.52,585.3,534.54,460.13,475.2,423.89,656.92,804.08,355.17,457.22,528.25,432.79,501.71,356.73,329.97,529.68,285.16,645.64,608.82,290.9,479.07,506.86,226.45,636.54,561.74,607.23,362.31,421.06,392.13,490.51,410,884.86,403.65,573.29,433.89,488.03,476.78,410.91,565.76,463.43,435.21,412.77,505.55,416.22,937.06,501.03,699.46,492.43,743.13,788.78,589.05,595.61,542.13,529.85,508.69,343.41,514.91,603.29,843.27,831.32,478.53,539.88,349,507.81,608.32,403.44,457.74,445.36,247.11,476.77,521.29,535.98,295.61,410.56,519.22,286.76,623.05,376.57,352.63,487.5,400.34,488.39,424.82,389.87,413.28,619.77,245.66,503.36,395.17,452.66
14080106,462.97,417.17,363.27,411.19,696.13,606.63,587.73,533.57,530.07,393.77,673.29,410.89,483.62,536.66,526.04,673.49,327.74,494.3,605.05,489.14,526.88,425.44,548.2,398.78,477.03,517.34,647.05,402.62,546.18,408.07,578.73,481.12,466.13,367.18,532.88,596.48,485.07,550.45,386.26,580.15,784.86,384.37,478.98,517.29,453.99,481,509.66,486.41,589,298.92,431.24,462.14,390.26,481.94,490.73,276.4,730.35,419.97,471.69,398.29,482.23,405.7,411.79,469.75,727.28,472.85,441.32,417.48,636.61,449.46,497.9,492.37,428.55,442.85,508.89,399.55,371.84,700.52,545.29,584.44,575.27,662.49,796.15,657.95,697.13,668.56,500.73,568.35,281.95,628.07,728.89,584.8,643.75,480.88,561.18,503.95,645.96,612.36,429.17,388.38,428.26,336.84,485.65,451.96,526.81,524.58,677.02,616.97,399.7,663.97,446.23,385.34,495.88,370.45,654.6,450.68,438.8,351.88,580.91,233.87,457.74,600.28,563.12
14080105,258.35,232.43,219.11,239.51,413.31,374.99,364.96,325.15,341.56,243.11,424.81,246.3,293.63,376.95,339.74,373.78,212.12,309.47,345.74,306.75,329.51,251.91,375.96,233.71,301.39,335.34,408.77,265.14,346.7,264.59,387.12,285.75,291.35,226.26,318.23,334.92,307.84,299.22,240.01,381.95,531.96,223.04,259.96,294.66,246.23,270.06,313.42,308.77,314.93,151.1,246.24,302.07,243.34,285.47,248.19,176.47,460.87,246.39,265.48,233.89,311.52,251.35,265.08,276.91,430.65,248.2,253.2,254.02,365.23,266.78,280.49,305.37,265.73,261.58,270.24,222.25,225.19,400.86,313.27,308.09,309.3,391.33,420.19,321.78,368.14,390.59,338.38,350.55,149.55,356.8,304.55,354.9,362.07,263.17,310.04,262.62,379.69,330.98,241.87,234.14,224.18,170.64,249.3,276.56,306.9,284.39,340.14,314.53,191.7,365.34,231.81,200.93,289.4,207.27,417,286.84,245.45,175.85,311.1,143.84,278.24,323.73,302.94
15010010,240.84,202.22,218.29,222.36,341.13,382.47,327.61,300.08,362.46,209.58,287.25,243.34,244.83,281.64,284.13,348.19,223.89,305.47,234.99,299,292.25,269.97,249.82,189.21,272.1,231.27,320.06,172.87,197.51,279.92,255.6,283.79,189.27,168.51,249.13,299.06,256.99,278.67,254.98,304.5,435.75,136.29,269.93,216.87,262.89,279.05,180.52,184.63,269.41,122.65,256.28,263,137.7,249.58,207.76,97.58,339.58,265.54,187.33,207.88,201.42,191.39,213.13,155.42,355,205.58,279.84,179.79,333.63,227.57,256.54,229.51,252.37,203.32,224.34,212.7,188.97,469.57,252.98,384.68,242.29,324.53,394.19,269.62,221.75,224.79,322.42,241.16,147.28,258.88,221.22,372.69,357.51,262.71,348.56,220,263.82,412.27,169.97,241.86,221.69,91.46,218.54,378.63,376.78,211.82,191.7,212.69,153.22,413.51,209.87,253.84,227.84,216.13,258.4,313.9,209.12,231.38,400.35,132.49,246.51,203.34,355.44
15010001,258.3,258.94,252.15,231.06,459.18,466.38,501.05,381.51,430.1,297.91,403,320.49,295.91,373.61,342.49,425.48,255.02,369.27,343.58,364.66,376.18,332.16,355.23,281.79,349.99,322.53,460.33,247.81,285.53,318.4,322.33,313,252.55,233.12,320.74,374.34,366.13,358.1,323.21,437.1,531.43,220.83,317.8,266.57,322.24,358.57,259.1,262.62,354.29,188.91,340.95,382.76,239.47,303.18,250.67,164.02,445.85,336.19,258.45,283.72,286.72,267.45,278.25,241.62,449.99,285.36,330.72,251.61,391.41,278.85,284.71,326.72,303.41,252.73,297.21,249.73,237.38,540.46,357.79,473.18,407.23,463.24,469.6,327.23,362.12,337.98,391.37,305.44,184.36,309.69,298.46,468.12,456.43,294.83,394.56,259.33,377.84,438.16,260.55,312.73,277.22,179.32,260.29,456.79,416.48,304.89,233.8,306.2,196.35,412.58,255.04,263.21,344.8,206.4,415,330.02,262.57,288.91,368.7,140.16,278.75,262.19,396.64
