HUC8,1901,1902,1903,1904,1905,1906,1907,1908,1909,1910,1911,1912,1913,1914,1915,1916,1917,1918,1919,1920,1921,1922,1923,1924,1925,1926,1927,1928,1929,1930,1931,1932,1933,1934,1935,1936,1937,1938,1939,1940,1941,1942,1943,1944,1945,1946,1947,1948,1949,1950,1951,1952,1953,1954,1955,1956,1957,1958,1959,1960,1961,1962,1963,1964,1965,1966,1967,1968,1969,1970,1971,1972,1973,1974,1975,1976,1977,1978,1979,1980,1981,1982,1983,1984,1985,1986,1987,1988,1989,1990,1991,1992,1993,1994,1995,1996,1997,1998,1999,2000,2001,2002,2003,2004,2005,2006,2007,2008,2009,2010,2011,2012,2013,2014,2015,2016,2017,2018,2019,2020,2021,2022
15020003,11.13,11.04,10.02,10.87,10.41,10.55,10.74,10.62,10.76,11.82,10.34,9.26,9.11,10.76,9.79,10.72,10.46,9.99,9.38,9.9,11.41,10.65,10.05,10.13,10.99,10.7,10.96,10.62,10.05,9.97,9.93,9.45,9.64,11.72,10.62,11.09,10.38,10.6,10.94,11.15,10.46,10.54,11.25,10.13,10.27,10.81,10.26,10.22,10,11.38,10.65,10.34,10.46,11.39,10.46,10.62,11.1,11.27,11.04,10.41,10.65,10.91,11.21,9.96,10.44,11.11,10.6,10.03,11.18,10.6,10.23,11.03,10.19,10.91,9.8,10.51,10.92,11.18,10.52,10.95,11.67,10.48,10.6,10.56,10.5,11.08,10.24,10.91,11.47,10.77,10.67,10.42,11.06,11.41,11.5,11.94,10.8,10.99,11.27,11.84,11.48,11.23,12.32,11.46,12.21,11.84,11.85,10.99,11.15,11.15,10.75,11.98,10.81,11.92,11.87,11.79,12.52,12.1,11.12,12.26,11.94,11.38
15020004,11.12,10.86,9.92,10.84,10.3,10.64,10.88,10.53,10.6,11.77,10.38,9.43,9.2,10.79,9.87,10.65,10.38,9.97,9.38,9.78,11.21,10.7,10.17,10.17,10.79,10.72,10.97,10.69,10.13,10.09,10.11,9.79,10.08,11.91,10.51,11.03,10.31,10.63,10.87,11.23,10.33,10.54,11.44,10.21,10.41,10.97,10.5,10.38,10.16,11.5,10.51,10.37,10.52,11.48,10.46,10.64,11.08,11.37,11.1,10.56,10.55,10.79,11.03,9.88,10.28,10.98,10.4,9.87,11.05,10.38,10.1,10.89,10.02,10.66,9.52,10.37,10.83,11.01,10.32,10.98,11.67,10.35,10.49,10.29,10.5,11.11,10.35,10.95,11.56,10.93,10.7,10.44,10.96,11.39,11.43,11.9,10.89,10.99,11.29,11.99,11.65,11.23,11.94,11.28,11.97,11.49,11.58,10.78,10.97,11.05,10.66,11.9,10.71,11.75,11.75,11.65,12.26,11.9,10.91,11.98,11.82,11.25
15010014,18.36,17.11,16.97,18.14,17.49,17.52,17.91,17.4,16.91,18.49,17.24,16.89,17.07,18.11,17.18,17.26,17.54,17.67,17.34,16.88,18.37,17.54,17.32,17.9,17.72,18.15,18.18,18.38,17.78,17.52,17.85,17.27,17.6,19.4,17.71,18.37,17.61,17.64,17.78,18.51,16.6,17.56,18.26,16.96,17.5,17.95,18.45,17.14,17.15,18.57,17.29,17.25,17.59,18.45,17.11,17.87,17.76,18.39,18.48,18.13,17.92,18.19,18.01,17.1,17.1,17.93,17.8,17.93,18.1,17.84,17.18,17.76,17.27,17.8,16.9,17.49,18.1,17.54,17.3,18.01,18.99,16.94,17.46,17.78,17.73,18.49,17.77,18.33,18.88,17.96,17.64,18.19,17.76,18.41,18.76,19.45,18.7,17.43,18.73,19.28,19.18,19.03,19.28,18.56,18.56,18.72,19.17,18.61,18.69,18.11,17.78,19.18,18.24,19.38,19.25,19.31,19.79,19.53,18.08,19.54,19.5,19.12
15020001,8.32,8.2,7.57,8.23,7.79,7.91,8.08,7.93,7.81,8.93,7.5,6.49,6.54,7.91,7.34,8.55,8.11,7.74,7,7.28,8.4,7.7,6.91,7.4,7.88,7.78,8.27,7.87,7.35,7.03,7.13,6.8,7.03,8.9,7.6,8.12,7.73,7.85,7.96,8.2,7.75,7.92,8.44,7.33,7.6,7.87,7.38,7.48,7.39,8.51,7.78,7.3,7.63,8.68,7.54,7.67,8.12,8.25,8.06,7.18,7.53,7.8,8.42,7.01,7.62,8.15,7.96,7.22,8.03,7.62,7.49,7.84,7.14,7.69,6.99,7.42,8.15,8.14,7.58,8.13,8.72,7.62,7.7,7.83,7.89,8.29,7.2,7.79,8.3,7.62,7.67,7.7,8.28,8.57,8.75,9.08,7.99,8.19,8.62,9.04,8.54,8.59,9.12,8.13,8.94,8.88,9.07,8.71,8.84,8.78,8.61,9.75,8.59,9.62,9.56,9.56,10.39,9.87,8.86,10.17,9.87,9.23
15020005,10.37,10.13,9.76,10.3,9.83,10.18,10.53,10.05,10.27,11.04,9.79,8.71,8.43,10.15,9.57,10.17,9.75,9.79,9.16,9.52,10.45,9.93,9.27,9.75,10.11,10.15,10.53,10.05,9.49,9.3,9.59,9.16,9.61,11.33,9.7,10.44,10.27,10.29,10.49,10.97,9.87,10.33,11.06,9.58,9.78,10.26,10.04,9.71,9.31,10.75,9.85,9.67,10.05,10.95,9.74,9.88,10.33,10.43,10.34,9.76,9.73,9.86,10.26,9.23,9.51,10.23,9.77,9.12,10.21,9.95,9.78,10.48,9.74,10.41,9.27,9.92,10.69,10.74,10.03,10.62,11.45,10.25,10.46,10.38,10.58,11.01,10.02,10.68,11.21,10.49,10.3,10.04,10.81,11.13,11.35,11.85,10.88,10.78,11.26,11.8,11.4,11.12,11.86,10.84,11.53,11.15,11.31,10.81,10.89,10.84,10.47,11.58,10.4,11.54,11.39,11.4,12.24,11.82,10.69,11.86,11.56,11.03
15020009,11,10.44,9.71,10.39,9.97,10.64,11,10.43,10.37,11.79,10.76,9.72,9.63,10.9,10.07,10.72,10.34,10.22,9.69,9.85,11.2,10.63,10.19,10.09,10.71,10.82,10.9,10.6,10.04,9.91,10.08,9.86,10.12,12,10.48,11.11,10.36,10.72,10.92,11.3,10.29,10.49,11.52,10.15,10.33,10.9,10.58,10.46,10.14,11.36,10.15,10.1,10.36,11.27,10.09,10.3,10.79,11.1,10.86,10.45,10.27,10.52,10.75,9.87,10.15,10.82,10.12,9.53,10.85,10.27,10.08,10.87,9.99,10.53,9.37,10.26,10.8,10.91,10.09,10.97,11.7,10.3,10.48,10.44,10.79,11.32,10.52,11.03,11.78,11.06,10.63,10.37,10.89,11.36,11.42,11.84,10.92,10.94,11.12,11.84,11.56,11.07,11.76,11.12,11.71,11.33,11.39,10.57,10.93,10.93,10.43,11.79,10.53,11.79,11.7,11.69,12.23,11.88,10.82,11.85,11.89,11.27
15020010,10.07,9.74,9.42,10.06,9.66,9.72,10.07,9.62,9.51,10.69,9.56,8.69,8.46,10.06,9.33,9.72,9.2,9.38,8.91,9.28,10.34,9.67,9.08,9.41,9.86,10.04,10.24,9.94,9.19,9.14,9.48,9.03,9.32,11.18,9.63,10.33,9.83,9.92,10.11,10.73,9.46,9.89,10.54,9.26,9.6,10.21,9.97,9.56,8.93,10.69,9.78,9.41,9.95,10.83,9.37,9.61,10.07,10.36,10.31,9.86,9.75,9.83,10.13,8.96,9.4,9.98,9.68,9.12,10.03,9.65,9.37,10.2,9.42,9.97,8.81,9.53,10.23,10.28,9.54,10.26,11.06,9.8,9.97,9.99,10.16,10.6,9.61,10.3,10.76,9.93,9.74,9.56,10.12,10.48,10.87,11.43,10.43,10.17,10.65,11.08,10.67,10.54,11.28,10.32,11.12,10.74,10.95,10.41,10.47,10.32,9.94,11.21,9.99,11.25,11,11.04,11.89,11.44,10.37,11.55,11.27,10.67
15020012,11.28,10.44,9.84,10.5,10.03,10.5,10.88,10.11,10.12,11.57,10.51,9.42,9.57,11.05,9.96,10.51,10.04,10.26,9.86,9.98,11.25,10.47,9.91,10.09,10.65,11.02,10.93,10.76,9.99,10.15,10.48,10.42,10.49,12.33,10.96,11.55,10.71,11.01,11.32,11.84,10.56,10.83,11.94,10.52,10.68,11.25,11.09,10.91,10.47,11.93,10.77,10.63,10.72,11.74,10.42,10.76,10.85,11.39,11.23,10.82,10.3,10.54,10.91,9.99,10.14,10.87,10.26,9.77,10.92,10.38,10.18,10.87,10.18,10.76,9.62,10.45,11.12,11.06,10.24,11,11.8,10.31,10.68,10.65,10.83,11.29,10.63,11.02,11.52,10.86,10.55,10.35,10.68,11.25,11.48,11.9,10.95,10.81,11.09,11.9,11.73,11.39,12.03,11.29,11.63,11.38,11.71,10.84,11.08,10.84,10.58,11.92,10.48,11.9,11.79,11.97,12.59,12.29,11.2,12.18,12.03,11.63
15020014,11.81,11.03,10.5,11.07,10.72,11.05,11.49,10.82,10.83,12.31,11.25,10.21,10.26,11.8,10.71,11.23,10.8,10.91,10.52,10.78,11.96,11.22,10.66,10.82,11.34,11.64,11.61,11.39,10.7,10.73,10.96,11.13,11.19,12.95,11.65,12.3,11.46,11.79,12.07,12.59,11.32,11.56,12.7,11.37,11.37,12.05,11.81,11.6,11.15,12.7,11.64,11.38,11.44,12.3,11.02,11.26,11.69,12.11,11.84,11.62,11.09,11.29,11.75,10.63,10.95,11.59,10.97,10.43,11.68,11.11,10.89,11.65,10.87,11.42,10.24,11.02,11.68,11.73,10.93,11.62,12.51,11.07,11.39,11.34,11.5,11.93,11.24,11.66,12.18,11.44,11.17,10.91,11.34,11.82,12.1,12.61,11.61,11.35,11.66,12.51,12.27,11.94,12.6,11.86,12.24,12.01,12.32,11.51,11.69,11.54,11.27,12.57,11.18,12.54,12.4,12.54,13.21,12.89,11.89,12.85,12.65,12.07
15020015,9.34,8.64,8.38,9.48,8.85,8.88,9.04,8.44,8.3,9.55,8.52,7.96,7.76,9.45,8.51,8.83,8.45,8.69,8.36,8.57,9.6,8.84,8.38,8.76,9.14,9.38,9.47,9.27,8.78,8.56,9.08,8.47,8.77,10.63,8.98,9.64,8.85,9.15,9.37,10.1,8.71,9.28,9.9,8.54,8.93,9.64,9.57,9.16,8.39,10.15,9.06,8.63,9.28,9.98,8.74,9.34,9.42,9.86,9.7,9.34,9.08,9.38,9.63,8.49,8.76,9.39,9.07,8.57,8.96,9.14,8.54,9.09,8.62,9.45,8.26,9.06,9.6,9.5,8.57,9.69,10.44,8.84,9.24,9.19,9.33,9.69,8.78,9.35,10.04,9.08,8.99,9.01,9.36,9.63,9.84,10.37,9.33,8.76,9.54,10.2,9.85,9.77,10.36,9.61,10.05,10.03,10.31,9.71,9.91,9.59,9.33,10.57,9.34,10.85,10.48,10.48,11.37,11.01,9.83,10.94,10.59,10.14
15030202,15.59,14.76,14.45,15.64,15.21,14.69,15.49,15.12,14.37,15.84,14.51,13.87,13.94,15.4,14.57,14.56,14.73,14.85,14.57,14.41,15.75,14.89,14.23,14.85,15.06,15.42,15.33,15.73,15.27,14.87,15.5,14.74,15.18,16.76,14.85,15.74,15.02,15.16,15.43,16.17,14.23,15.1,15.7,14.43,14.76,15.23,15.25,14.61,14.02,15.5,14.15,14.27,14.71,15.54,14.19,15.3,14.89,15.52,15.45,14.98,15.05,15.15,15.13,14.07,14.29,15.07,14.62,14.54,14.84,14.54,13.98,14.75,14.25,14.69,14.16,14.86,15.32,15.07,14.79,15.5,16.21,14.35,14.62,14.87,14.77,15.16,14.61,15.22,15.94,14.9,14.92,15.27,15.09,15.45,15.95,16.41,15.58,14.47,15.81,16.09,15.62,15.64,15.81,15.22,15.66,15.68,15.99,15.44,15.5,14.98,14.99,15.91,15.16,16.22,15.89,16.01,16.55,16.34,15.08,16.73,16.28,15.75
15030203,16.63,15.82,15.46,16.74,16.53,16.06,16.55,16.26,15.76,17.09,15.64,15.06,15.12,16.54,15.69,15.77,15.85,16.03,15.76,15.58,16.82,16,15.39,15.95,16.26,16.63,16.48,16.81,16.31,16.07,16.71,16.02,16.37,18,16.17,17.02,16.31,16.48,16.68,17.42,15.53,16.41,17.2,15.77,15.93,16.37,16.56,15.74,15.38,16.93,15.73,15.87,16.22,17.03,15.74,16.75,16.36,16.84,16.76,16.32,16.6,16.71,16.61,15.57,15.78,16.51,16.05,15.98,16.35,16.06,15.38,16.33,15.78,16.3,15.66,16.23,16.77,16.46,15.98,16.74,17.36,15.63,15.93,16.26,16.03,16.55,16.07,16.55,17.42,16.31,16.26,16.53,16.31,16.81,17.19,17.69,16.97,16.1,17.32,17.67,17.43,17.37,17.54,16.91,17.24,17.32,17.59,17.04,17.2,16.7,16.66,17.55,16.79,17.8,17.51,17.78,18.22,17.91,16.73,18.26,17.86,17.42
15030204,20.16,19.41,19.3,20.18,19.93,19.61,19.79,19.56,19.06,20.56,19.14,18.72,18.96,20.12,19.2,19.21,19.45,19.51,19.28,18.82,20.14,19.36,18.98,19.62,19.63,20.09,20,20.5,19.96,19.63,20.25,19.53,19.88,21.59,19.9,20.89,20.26,20.3,20.34,21.23,19.36,20.23,20.81,19.41,19.68,20.12,20.46,19.53,19.57,20.89,19.69,19.78,20.11,20.96,19.68,20.41,20.18,20.88,20.65,20.34,20.44,20.6,20.29,19.43,19.69,20.41,20.04,20.05,20.46,20.04,19.33,20.23,19.71,20.3,19.51,20.11,20.65,20.31,19.8,20.68,21.54,19.64,20.07,20.31,20.05,20.57,20.23,20.67,21.42,20.4,20.33,20.71,20.36,20.89,21.19,21.83,21.16,19.94,21.14,21.64,21.41,21.25,21.51,20.94,20.91,21.3,21.45,20.83,20.99,20.65,20.56,21.52,20.68,21.68,21.38,21.79,22.08,21.83,20.5,21.81,21.74,21.33
15040007,15.48,15.17,14.74,15.37,14.92,14.82,15.32,14.86,14.85,16,14.73,13.98,14.07,15.41,14.34,15,15.15,14.98,14.43,14.91,15.88,15.22,14.55,15.3,15.38,15.41,15.69,15.72,14.92,14.7,15.05,14.43,14.78,16.22,14.77,15.58,15.31,15.27,15.17,15.98,14.69,15.06,15.74,14.36,14.7,15.22,15.2,15.15,14.77,15.65,14.83,14.74,14.65,15.71,14.47,14.99,15.02,15.22,15.32,14.98,14.88,15.06,15.05,14,14.44,14.89,14.61,14.41,15.08,14.66,14.55,15.22,14.35,14.96,14.03,14.59,15.43,15.13,14.58,15.12,15.78,14.58,14.67,14.78,14.7,15.26,14.64,15.25,15.96,15,14.73,14.73,15.15,15.67,15.86,16.26,15.65,15.03,15.98,16.34,15.85,16.14,16.6,15.56,16.41,16.12,16.24,15.57,15.94,15.42,15.64,16.53,15.55,16.42,16.04,16.32,16.94,16.48,15.45,16.8,16.36,15.88
15060101,9.33,8.99,8.67,9.23,8.54,9.06,9.27,8.87,8.6,9.7,8.36,7.39,7.36,8.9,8,8.64,8.8,8.6,8.09,8.38,9.11,8.63,7.9,8.64,8.93,8.82,9.23,9.26,8.63,8.44,8.71,8.39,8.63,10.05,8.55,9.16,9.03,9.05,8.88,9.42,8.64,9.05,9.79,8.11,8.36,8.8,8.59,8.33,7.88,8.87,8.34,8.08,8.55,9.41,8.21,8.58,8.94,9.17,9.06,8.35,8.48,8.81,8.9,7.69,8.19,8.61,8.62,8.12,8.78,8.5,8.4,8.81,8.03,8.73,7.97,8.44,9.17,9,8.38,9.04,9.6,8.6,8.63,8.87,8.9,9.23,8.29,8.66,9.03,8.49,8.49,8.43,8.96,9.31,9.52,9.87,9.06,8.96,9.64,9.94,9.39,9.59,10.13,9.03,9.99,9.89,9.94,9.45,9.69,9.52,9.68,10.55,9.35,10.42,10.22,10.29,10.98,10.67,9.72,11.21,10.75,10.05
15060102,9.23,8.81,8.43,9.12,8.2,8.97,9.23,8.79,8.6,9.64,8.21,7.23,7.09,8.8,7.9,8.39,8.54,8.35,7.82,8.2,8.93,8.44,7.77,8.47,8.78,8.59,8.98,9.15,8.42,8.33,8.57,8.27,8.53,9.77,8.22,8.85,8.93,8.93,8.63,9.42,8.51,9.08,9.85,7.91,8.19,8.55,8.4,8.12,7.72,8.74,8.17,7.93,8.48,9.26,7.9,8.31,8.79,9.04,8.99,8.34,8.46,8.69,8.98,7.8,8.16,8.71,8.58,7.89,8.47,8.33,8.24,8.62,7.85,8.53,7.79,8.26,8.94,8.81,8.17,8.85,9.56,8.5,8.41,8.71,8.73,9.08,8.1,8.6,9.09,8.38,8.34,8.26,8.89,9.22,9.42,9.9,9.04,8.96,9.66,9.92,9.43,9.6,10.13,9.08,9.94,9.65,9.77,9.28,9.48,9.36,9.4,10.24,9.05,10.13,9.97,10.04,10.63,10.43,9.52,10.89,10.54,9.9
15060103,14.41,13.96,13.69,14.59,14.06,13.71,14.28,13.89,13.52,14.77,13.48,12.7,12.71,14.19,13.14,13.58,13.72,13.61,13.23,13.61,14.64,13.89,13.14,13.93,14.1,14.12,14.39,14.5,13.66,13.54,13.96,13.32,13.61,15.17,13.69,14.61,14.15,14.21,14.1,14.99,13.64,14.24,14.82,13.41,13.67,14.22,14.21,14.09,13.78,15.02,13.91,13.67,13.84,14.73,13.29,13.79,13.82,14.1,14.2,13.81,13.78,13.93,13.98,12.87,13.17,13.86,13.47,13.19,13.73,13.37,13.1,13.92,13.14,13.73,12.78,13.18,14.04,13.82,13.3,14.02,14.64,13.39,13.41,13.65,13.63,14.2,13.54,14.11,14.74,13.77,13.55,13.58,13.94,14.26,14.63,14.99,14.39,13.78,14.84,15.13,14.7,15.04,15.61,14.6,15.26,14.91,15.13,14.36,14.62,14.2,14.27,15.29,14.23,15.23,14.91,15.15,15.8,15.29,14.12,15.56,15.21,14.73
15060104,11.14,10.8,10.52,11.28,10.67,10.96,11.29,10.89,10.77,11.77,10.41,9.45,9.25,10.96,10.06,10.64,10.71,10.55,9.96,10.44,11.29,10.7,10.03,10.59,10.92,10.87,11.28,11.36,10.52,10.34,10.78,10.32,10.62,12.1,10.63,11.22,11.09,11.13,11.21,11.76,10.73,11.21,11.9,10.32,10.52,11.01,10.82,10.53,10.24,11.49,10.57,10.42,10.7,11.48,10.11,10.51,10.79,11,10.96,10.49,10.53,10.66,10.86,9.77,10.09,10.71,10.44,10.02,10.79,10.43,10.3,11.01,10.27,10.87,10,10.53,11.32,11.25,10.61,11.18,11.92,10.71,10.79,10.93,11,11.5,10.57,11.21,11.72,10.92,10.68,10.58,11.23,11.49,11.82,12.22,11.44,11.26,11.99,12.37,11.96,12.11,12.87,11.78,12.45,11.83,11.95,11.36,11.58,11.38,11.34,12.29,11.08,12.18,11.94,12.07,12.89,12.4,11.33,12.77,12.36,11.86
15060105,14.86,14.29,14.21,15.27,14.7,14.35,14.72,14.38,13.73,15.17,13.8,13.11,13.09,14.73,13.67,13.95,14.13,14.18,13.82,14.03,15.08,14.22,13.52,14.28,14.63,14.63,14.77,15.07,14.26,14.2,14.64,14.23,14.36,16.19,14.44,15.33,14.69,14.85,14.76,15.63,14.17,14.89,15.41,14,14.26,14.68,14.81,14.72,14.33,15.88,14.57,14.12,14.39,15.34,13.81,14.3,14.31,14.63,14.71,14.43,14.38,14.62,14.62,13.43,13.62,14.42,14.07,13.76,14.21,13.81,13.48,14.43,13.6,14.14,13.18,13.65,14.55,14.32,13.83,14.63,15.24,13.91,13.93,14.23,14.24,14.83,14.17,14.67,15.27,14.33,14.22,14.13,14.43,14.66,15.07,15.43,14.96,14.14,15.23,15.55,15.27,15.65,15.85,15.12,15.63,15.45,15.84,15.04,15.38,14.88,14.93,15.9,14.96,16.01,15.74,15.92,16.65,16.09,14.89,16.38,15.79,15.5
15070104,19.22,18.72,18.83,19.75,19.19,18.9,19.2,18.95,18.61,20.03,18.5,18.03,18.5,20,18.7,18.97,18.96,19.11,18.9,18.48,19.57,18.9,18.72,19.04,19.27,19.78,19.57,19.78,19.26,19.21,19.71,19.15,19.33,20.98,19.25,20.34,19.64,19.64,19.72,20.66,18.67,19.46,20.29,18.92,19.16,19.41,19.73,19.2,19.09,20.1,19.13,19.18,19.47,20.46,18.99,19.72,19.89,20.47,20.43,19.9,19.89,19.88,19.79,18.86,19.14,19.8,19.57,19.43,19.86,19.32,18.59,19.81,19.09,19.63,18.92,19.45,20.22,19.94,19.39,20.17,20.87,19.22,19.49,19.79,19.6,20.22,19.94,20.31,20.81,20,19.98,20.23,19.94,20.34,20.74,21.15,20.62,19.4,20.41,20.94,20.81,20.73,21.13,20.55,20.59,20.73,21.02,20.69,21.02,20.3,20.24,21.07,20.41,21.18,21,21.41,21.65,21.2,20.09,21.61,21.29,20.73
14080204,11.36,10.49,9.69,10.51,9.95,10.78,11.06,10.16,10.08,11.52,10.43,9.3,9.37,10.57,9.75,10.43,10.01,10.21,9.82,9.76,11.07,10.23,9.78,9.7,10.51,10.96,10.73,10.74,9.94,10.13,10.57,10.09,10.39,12.41,10.74,11.18,10.42,10.79,11.16,11.68,10.36,10.58,11.69,10.1,10.36,11.09,10.86,10.39,10.2,11.44,10.51,10.43,10.77,11.76,10.16,10.83,10.65,11.36,11.19,10.81,10.39,10.82,11.12,10.13,10.25,10.86,10.59,9.8,10.93,10.32,10.23,10.99,9.91,10.48,9.49,10.28,11,10.77,9.9,10.93,11.63,10.08,10.45,10.5,10.99,11.43,10.67,10.87,11.54,10.89,10.36,10.43,10.86,11.55,11.42,11.86,10.88,11.08,11.26,11.94,11.86,11.65,12.33,11.4,11.85,11.4,11.6,10.74,11.05,10.79,10.5,11.89,10.6,11.95,11.71,11.89,12.5,12.26,11,12.05,11.95,11.41
15070102,17.85,17.25,17.12,18.26,17.65,17.43,17.78,17.67,17,18.41,16.97,16.4,16.59,18.1,17,17.41,17.22,17.39,17.09,16.96,18.12,17.37,16.97,17.36,17.68,17.95,17.89,18.06,17.36,17.45,18.02,17.42,17.48,19.31,17.61,18.31,17.63,17.68,17.78,18.51,16.76,17.49,18.49,16.94,17.13,17.54,17.73,17.33,17,18.39,17.27,17.23,17.48,18.36,16.96,17.87,17.72,18.2,18.23,17.88,17.91,18.17,18.11,17,17.28,17.97,17.7,17.57,17.99,17.71,17.17,18.11,17.32,17.9,17.13,17.5,18.19,17.86,17.46,18.22,18.84,17.29,17.53,17.87,17.85,18.42,17.98,18.45,19.08,18.08,18.03,18.15,18.16,18.49,18.79,19.21,18.61,17.46,18.66,19.07,18.89,18.98,19.21,18.57,18.82,18.92,19.23,18.67,19.03,18.42,18.5,19.37,18.53,19.44,19.32,19.61,19.91,19.34,18.27,19.77,19.48,19.26
15070103,17.91,17.31,17.27,18.38,17.8,17.46,17.85,17.75,17.26,18.64,17.16,16.68,16.84,18.35,17.18,17.43,17.42,17.56,17.32,17.11,18.22,17.5,17.23,17.58,17.78,18.25,18.06,18.17,17.6,17.63,18.18,17.62,17.79,19.49,17.76,18.66,17.94,17.94,18.1,18.84,16.91,17.89,18.8,17.33,17.37,17.77,18.03,17.44,17.29,18.5,17.43,17.54,17.88,18.81,17.42,18.33,18.13,18.6,18.55,18.11,18.41,18.53,18.37,17.33,17.6,18.35,18.01,17.83,18.23,18.05,17.43,18.52,17.72,18.29,17.67,18.03,18.72,18.39,17.82,18.5,19.05,17.49,17.71,18.1,17.99,18.59,18.21,18.65,19.24,18.29,18.31,18.53,18.35,18.76,19.15,19.6,19.06,17.95,19.04,19.47,19.31,19.29,19.61,18.96,19.11,19.2,19.46,19.11,19.5,18.75,18.7,19.51,18.83,19.66,19.6,19.96,20.22,19.75,18.64,20.33,19.98,19.5
15020013,11.28,10.46,9.85,10.47,10.03,10.46,10.85,10.16,10.13,11.63,10.54,9.49,9.59,11.13,10,10.54,10.11,10.28,9.86,10.04,11.32,10.51,9.95,10.07,10.67,10.97,10.91,10.75,10.03,10.12,10.44,10.62,10.65,12.4,11.12,11.75,10.86,11.23,11.49,12.02,10.72,10.96,12.12,10.74,10.76,11.42,11.19,11.04,10.6,12.08,10.94,10.74,10.74,11.78,10.44,10.78,10.87,11.39,11.23,10.91,10.39,10.57,10.93,9.96,10.1,10.81,10.15,9.75,10.94,10.34,10.18,10.87,10.22,10.76,9.62,10.43,11.13,11.06,10.23,10.95,11.79,10.33,10.67,10.61,10.76,11.22,10.63,10.99,11.46,10.84,10.57,10.29,10.62,11.2,11.46,11.9,10.93,10.79,11.02,11.84,11.65,11.33,12,11.23,11.56,11.28,11.61,10.76,10.98,10.77,10.53,11.87,10.41,11.84,11.76,11.96,12.58,12.28,11.2,12.15,11.97,11.57
15030103,18.42,17.18,17.19,18.32,17.71,17.71,18.11,17.53,16.96,18.69,17.43,17.12,17.34,18.43,17.26,17.39,17.79,17.81,17.49,16.74,18.63,17.59,17.43,18.06,17.8,18.09,18.3,18.58,17.76,17.4,18.06,17.42,17.98,19.63,18.03,18.74,17.94,18.07,18.14,18.81,16.91,17.9,18.63,17.36,17.87,18.36,18.88,17.49,17.36,18.69,17.45,17.56,17.88,18.82,17.46,18.19,18.1,18.67,18.72,18.28,18.2,18.46,18.2,17.27,17.52,18.28,18.07,18.07,18.38,18.06,17.42,18.1,17.42,17.94,17.1,17.69,18.34,17.85,17.6,18.42,19.27,17.28,17.86,18.1,17.81,18.44,17.88,18.51,19.3,18.29,18.1,18.64,18.18,18.73,19.03,19.7,18.97,17.64,19.04,19.56,19.21,19.19,19.46,18.68,18.62,18.99,19.38,18.68,18.76,18.38,18.25,19.4,18.56,19.59,19.36,19.55,19.86,19.78,18.35,19.76,19.66,19.15
15030105,20.27,19.66,19.74,20.43,20.1,19.84,19.94,19.7,19.3,20.75,19.22,18.73,19.13,20.51,19.36,19.46,19.6,19.73,19.57,19.03,20.15,19.55,19.25,19.77,19.86,20.45,20.28,20.7,20.2,19.94,20.51,19.91,20.16,21.84,20.06,21.24,20.62,20.56,20.62,21.51,19.71,20.47,21.14,19.67,20.01,20.3,20.62,19.96,20.04,21.15,20.07,20.04,20.22,21.13,19.85,20.34,20.59,21.19,21.03,20.57,20.57,20.72,20.47,19.58,19.92,20.51,20.28,20.16,20.56,20.04,19.32,20.34,19.84,20.48,19.69,20.29,20.91,20.7,20.06,20.95,21.76,20.04,20.44,20.59,20.34,20.91,20.62,20.92,21.51,20.66,20.57,20.94,20.63,21.1,21.51,21.98,21.34,20.06,21.02,21.61,21.42,21.12,21.62,21.01,20.89,21.19,21.44,21.17,21.3,20.88,20.85,21.78,21.14,21.97,21.65,21.97,22.17,21.87,20.69,21.84,21.82,21.37
15030106,20.82,20.17,20.33,20.91,20.55,20.43,20.37,20.46,20.04,21.2,19.87,19.24,19.3,20.74,19.49,19.53,19.65,19.91,19.79,19.42,20.51,20.03,19.74,20.26,20.35,21,20.78,21.11,20.64,20.35,20.91,20.5,20.66,22.23,20.6,21.67,21.27,21.01,21.01,22.02,20.41,21,21.47,19.92,20.32,20.54,20.95,20.38,20.55,21.62,20.61,20.6,20.7,21.6,20.38,20.79,21.06,21.63,21.53,21.16,21.05,21.32,21.03,20.2,20.61,21.14,20.97,20.84,21.08,20.53,19.92,20.87,20.64,21.15,20.18,20.73,21.37,21.3,20.64,21.57,22.43,20.76,21.19,21.22,20.93,21.56,21.23,21.43,22.04,21.25,21.11,21.51,21.2,21.71,22.2,22.81,22,20.72,21.6,22.16,22.02,21.54,22.07,21.33,21.26,21.53,21.79,21.68,21.73,21.35,21.2,22.21,21.58,22.46,22.22,22.42,22.51,22.27,20.87,21.92,21.92,21.54
15040005,15.39,15.2,14.83,15.36,14.69,15.03,15.17,14.72,14.9,15.94,14.73,13.85,14.08,15.41,14.35,15.12,15.05,14.87,14.44,14.7,15.52,15.07,14.34,15.08,15.24,15.33,15.73,15.59,14.98,14.85,15.04,14.85,15.19,16.62,15.17,15.8,15.57,15.36,15.21,15.69,14.83,15.16,15.98,14.56,14.83,15.37,15.34,15.12,14.81,15.92,15.08,15.02,15.01,15.97,14.77,15.29,15.16,15.42,15.45,15.15,15.02,15.34,15.23,14.13,14.74,15.05,14.93,14.57,15.36,14.95,14.79,15.44,14.55,15.07,14.17,14.55,15.56,15.29,14.54,15.21,15.86,14.79,14.81,14.97,14.95,15.48,14.74,15.29,16.06,15.19,14.83,14.79,15.23,15.76,15.87,16.36,15.7,15.18,16.01,16.44,15.95,16.37,16.7,15.5,16.47,16.31,16.29,15.78,16.26,15.75,16,16.88,15.88,16.69,16.35,16.52,17.26,16.86,15.85,17.17,16.62,16.07
15050100,19.67,19.48,19.47,20.09,19.72,19.55,19.68,19.31,19.3,20.69,19.3,18.53,18.87,20.19,19.04,19.66,19.45,19.39,18.89,18.88,19.91,19.36,18.97,19.5,19.64,19.85,20.06,20.04,19.4,19.37,19.7,19.11,19.38,20.94,19.43,20.28,19.76,19.68,19.86,20.61,19.1,19.69,20.62,19.24,19.44,19.9,20.04,19.77,19.61,20.85,19.9,19.94,19.8,20.88,19.58,20.32,20.19,20.63,20.6,20.22,20.08,20.3,20.26,18.88,19.38,20.06,19.75,19.54,20.21,19.92,19.35,20.14,19.58,20.03,19.09,19.74,20.55,20.09,19.76,20.35,21.06,19.6,19.76,19.94,19.98,20.57,20.27,20.7,21.34,20.37,20.01,20.25,20.33,20.66,20.92,21.29,20.86,19.75,20.98,21.18,20.98,21.17,21.41,20.65,21.06,20.99,21.24,20.71,21.16,20.54,20.53,21.32,20.52,21.32,21.04,21.44,21.87,21.4,20.46,21.82,21.34,20.96
15050201,15.69,15.51,15.03,15.32,14.79,15.04,15.17,14.82,15.19,16.01,14.89,13.66,14.11,15.42,14.58,15.36,14.65,14.63,14.2,14.29,15.2,15.03,14.2,15.05,15.06,15.4,15.66,15.43,14.52,14.62,14.82,14.71,15,16.35,14.93,15.45,15.63,15.19,15.06,15.54,14.76,15.15,15.91,14.46,14.86,15.43,15.42,15.22,14.81,16.02,15.3,15.19,15.31,16.33,15.05,15.54,15.4,15.76,15.63,15.26,15.25,15.62,15.44,14.2,15.12,15.01,15.1,14.69,15.44,15.15,15.1,15.68,14.92,15.33,14.75,14.83,15.75,15.64,15.21,15.81,15.99,15.26,14.98,15.16,15.23,15.61,14.75,15.3,16.07,15.29,14.88,15.06,15.56,16.18,16.03,16.49,15.81,15.4,15.76,16.2,15.77,16.1,16.63,15.51,16.3,16.21,16.19,15.84,16.32,15.73,15.83,16.68,15.72,16.57,16.21,16.36,17.03,16.62,15.79,16.86,16.22,15.63
15050203,17.25,17.03,16.83,17.37,16.41,16.75,16.87,16.42,16.67,17.92,16.66,15.56,15.87,17.1,16.32,17,16.85,16.64,16.24,16.33,17.38,16.76,16.16,17.03,17.05,17.22,17.57,17.43,16.81,16.92,17.05,16.81,17.14,18.51,16.98,17.59,17.17,17.07,16.9,17.52,16.43,17.04,18.15,16.67,16.76,17.32,17.46,17.2,16.72,18.08,16.77,16.52,16.59,17.64,16.63,17.21,16.82,16.98,17.27,17.17,16.91,17.46,17.34,16.06,16.7,16.97,16.97,16.68,17.24,17.04,16.63,17.4,16.71,17.05,16.34,16.64,17.5,17.06,16.51,17.18,17.74,16.66,16.47,16.69,16.75,17.34,16.73,17.33,18.13,17.01,16.69,16.84,17.14,17.59,17.69,18.16,17.49,16.78,17.73,18.01,17.45,17.9,18.17,17.19,17.92,17.72,17.89,17.45,18.06,17.38,17.47,18.42,17.61,18.33,17.79,18.07,18.83,18.27,17.34,18.73,18.21,17.7
15050301,17.68,17.36,17.2,17.54,16.78,17.1,17.14,16.79,17.13,18.25,17.11,16,16.32,17.49,16.66,17.32,17.18,17.27,16.48,16.54,17.38,16.94,16.4,16.84,17.18,17.68,17.98,17.89,17.15,17.42,17.48,17.4,17.65,18.73,17.39,18.16,17.69,17.64,17.67,18.17,17.18,17.89,18.68,17.18,16.95,17.24,17.25,17.21,16.91,18.29,17.4,17.16,17.26,18.14,16.7,17.39,17.48,17.52,17.57,17.35,17.27,17.63,17.63,16.21,16.97,17.26,17.32,17.13,17.53,17.29,16.78,17.48,16.85,17.34,16.76,17.02,17.71,17.63,17.24,17.95,18.27,17.21,16.9,17.12,17.28,17.95,17.1,17.64,18.49,17.43,17.17,17.46,17.72,18.08,18.18,18.61,17.98,17.32,18.15,18.37,17.87,18.32,18.66,17.66,18.42,18.23,18.23,17.91,18.53,17.85,17.99,18.65,18.04,18.78,18.38,18.64,19.33,18.75,17.82,19.13,18.42,17.98
15050302,17.16,16.87,16.62,17.07,16.27,16.67,16.72,16.27,16.56,17.77,16.61,15.41,15.75,17.01,16.17,16.79,16.71,16.78,15.97,16.02,16.87,16.42,15.93,16.49,16.72,16.99,17.32,17.26,16.46,16.76,16.71,16.71,16.88,18.14,16.71,17.37,16.83,16.8,16.84,17.33,16.38,17.15,18,16.54,16.59,16.96,16.96,16.92,16.53,18,16.95,16.7,16.85,17.71,16.36,17.1,17.03,17.18,17.28,17.04,16.83,17.19,17.21,15.84,16.56,16.8,16.87,16.57,16.96,16.73,16.33,17.04,16.5,16.92,16.37,16.55,17.28,17.16,16.79,17.46,17.75,16.63,16.34,16.52,16.74,17.42,16.64,17.21,17.98,16.83,16.58,16.9,17.23,17.58,17.73,18.16,17.52,16.83,17.64,17.89,17.39,17.92,18.24,17.19,18.02,17.81,17.78,17.44,18.11,17.5,17.58,18.31,17.65,18.39,17.94,18.19,18.97,18.39,17.41,18.85,18.19,17.56
15050303,20.05,19.87,20.06,20.59,20.5,20.27,20.18,19.82,19.84,21.34,19.97,19.21,19.47,20.84,19.56,20.14,19.93,20.05,19.51,19.17,20.22,19.78,19.43,19.92,20.11,20.49,20.48,20.48,19.88,19.95,20.25,19.76,19.89,21.47,19.98,20.89,20.34,20.22,20.55,21.15,19.55,20.15,20.95,19.55,19.96,20.14,20.43,20.12,20.01,21.08,20.54,20.68,20.48,21.27,19.75,20.77,20.93,21.24,21.23,20.81,20.82,21.06,20.98,19.62,20.15,20.8,20.5,20.04,20.88,20.42,19.79,20.67,20.11,20.56,19.6,20.24,20.99,20.83,20.25,21.16,21.76,20.3,20.45,20.49,20.73,21.18,20.94,21.37,21.92,21.01,20.51,20.92,20.93,21.22,21.5,21.76,21.49,20.3,21.46,21.65,21.65,21.68,21.97,21.31,21.67,21.5,21.85,21.35,21.84,21.14,21.06,21.75,20.96,21.74,21.72,22.07,22.36,21.94,21.09,22.42,21.96,21.59
15050304,18.83,18.4,18.22,18.7,18.15,18.24,18.28,17.94,18.09,19.37,18.31,17.24,17.48,18.81,17.82,18.41,18.24,18.4,17.63,17.73,18.6,18.15,17.68,18.21,18.46,18.84,19.07,19.02,18.29,18.45,18.44,18.25,18.45,19.71,18.37,19.3,18.79,18.7,18.89,19.36,18.3,18.91,19.74,18.22,18.13,18.42,18.39,18.36,18.21,19.58,18.74,18.44,18.48,19.37,17.83,18.6,18.78,18.85,19.03,18.81,18.68,19.2,19.17,17.61,18.39,18.72,18.82,18.65,19.05,18.83,18.15,18.85,18.26,18.69,18.02,18.42,19.02,18.89,18.41,19.26,19.62,18.53,18.32,18.46,18.59,19.43,18.6,19.08,19.82,18.73,18.46,18.74,18.87,19.21,19.34,19.77,19.18,18.31,19.26,19.53,19.13,19.42,19.76,18.87,19.51,19.37,19.48,19.07,19.74,19.03,18.99,19.63,19.01,19.79,19.48,19.72,20.36,19.82,18.85,20.13,19.53,19.07
15050305,19.8,19.52,19.52,20.08,19.8,19.54,19.4,19.2,19.21,20.67,19.53,18.59,18.77,20.19,18.99,19.57,19.4,19.58,18.92,18.88,19.82,19.34,18.94,19.36,19.56,19.92,20.03,20,19.36,19.45,19.61,19.19,19.35,20.85,19.43,20.31,19.78,19.65,19.94,20.61,19.24,19.78,20.68,19.2,19.39,19.64,19.77,19.69,19.65,20.87,20.15,20.06,19.99,20.8,19.24,20.12,20.35,20.51,20.49,20.13,20.1,20.55,20.41,18.93,19.67,20.11,19.92,19.67,20.32,19.99,19.3,20.05,19.56,20.01,19.22,19.8,20.51,20.27,19.69,20.6,21.09,19.77,19.75,19.78,20.03,20.62,20.15,20.61,21.24,20.27,19.87,20.23,20.27,20.59,20.78,21.13,20.72,19.69,20.79,21.01,20.8,20.97,21.28,20.51,21,20.84,21.1,20.57,21.22,20.46,20.42,21.07,20.32,21.13,20.96,21.26,21.78,21.28,20.4,21.61,21.14,20.65
15050306,19.86,19.59,19.72,20.23,20.06,19.86,19.81,19.47,19.46,20.89,19.53,18.76,19.04,20.41,19.08,19.65,19.54,19.66,19.15,18.89,19.94,19.47,19.1,19.53,19.71,20.1,20.09,20.11,19.49,19.56,19.9,19.38,19.5,21.08,19.63,20.54,19.95,19.79,20.15,20.82,19.26,19.78,20.63,19.17,19.52,19.68,20.04,19.84,19.73,20.87,20.27,20.37,20.18,20.93,19.34,20.41,20.6,20.89,20.9,20.39,20.32,20.75,20.48,19.22,19.77,20.31,20.05,19.78,20.46,20.1,19.46,20.28,19.86,20.21,19.36,19.87,20.65,20.42,19.82,20.77,21.33,19.92,19.99,20.07,20.25,20.77,20.42,20.84,21.41,20.47,20.04,20.4,20.37,20.67,20.93,21.19,20.91,19.75,20.87,21.08,21.01,21.13,21.43,20.72,21.19,21.02,21.31,20.82,21.4,20.59,20.5,21.11,20.32,21.16,21.09,21.5,21.81,21.37,20.59,21.79,21.64,21.07
15060106,20.02,19.79,19.96,20.65,20.12,19.92,20.08,19.88,19.52,20.91,19.54,18.86,19.17,20.55,19.32,19.71,19.62,19.67,19.3,19.32,20.31,19.69,19.36,19.85,20.08,20.3,20.44,20.39,19.62,19.61,20.04,19.43,19.66,21.49,19.93,20.75,20.16,20.21,20.29,21.13,19.51,20.21,20.9,19.52,19.8,20.26,20.39,20.04,19.87,21.2,20.05,20.13,20.14,21.28,19.9,20.59,20.47,21.07,20.98,20.57,20.43,20.59,20.63,19.36,19.73,20.46,20.21,20.09,20.54,20.27,19.74,20.61,19.92,20.43,19.45,20.14,20.91,20.44,20.07,20.8,21.59,20.01,20.23,20.51,20.52,21.32,20.86,21.34,21.89,20.95,20.72,20.87,20.88,21.18,21.55,21.93,21.4,20.19,21.44,21.68,21.54,21.58,21.83,21.19,21.52,21.54,21.86,21.38,21.68,21.13,21.12,22,21.24,22.07,21.88,22.26,22.57,22.04,21.1,22.44,22.1,21.83
15070101,20.54,20.13,20.49,21.4,20.72,20.46,20.86,20.76,20.5,21.86,20.62,19.97,20.21,21.65,20.2,20.39,20.42,20.78,20.49,20.31,21.38,20.82,20.56,20.99,21.08,21.56,21.3,21.25,20.65,20.74,21.17,20.68,20.69,22.38,21.05,21.75,20.88,21.04,21.4,22.15,20.35,21,21.71,20.38,20.66,21.01,21.29,20.82,20.67,21.63,20.74,20.93,20.91,21.9,20.39,21.24,21.58,22.06,21.92,21.5,21.33,21.61,21.33,20.26,20.6,21.33,21.08,20.68,21.41,21.08,20.45,21.45,20.99,21.38,20.45,21.05,21.92,21.7,21.19,21.99,22.56,21.01,21.35,21.47,21.6,22.3,21.87,22.13,22.45,21.69,21.62,21.99,21.76,22.01,22.43,22.7,22.38,21.09,21.93,22.45,22.47,22.35,22.74,22.24,22.41,22.46,22.74,22.41,22.69,22.05,21.93,22.71,21.97,22.81,22.65,23.03,23.26,22.75,21.9,22.98,22.73,22.38
15070201,20.91,20.46,20.72,21.38,20.87,20.76,21.24,21.01,20.62,22,20.59,20.13,20.29,21.86,20.64,20.82,20.64,20.87,20.69,20.51,21.42,20.9,20.95,21.13,21,21.55,21.4,21.38,21.09,20.98,21.35,20.91,20.89,22.61,21.13,22.13,21.52,21.44,21.65,22.47,20.91,21.61,22,20.79,21.26,21.16,21.54,21.09,21.27,22.12,21,21.14,21.17,22.02,20.62,21.16,21.53,22.11,22.08,21.63,21.34,21.62,21.2,20.43,20.8,21.36,21.01,20.8,21.25,20.7,20.03,21.08,20.64,21.01,20.2,20.75,21.36,21.32,20.67,21.66,22.3,20.85,21.38,21.3,21.04,21.78,21.47,21.89,22.07,21.32,21.26,21.79,21.64,21.95,22.5,22.79,22.23,21.09,21.96,22.5,22.43,22.07,22.61,22.02,22.08,22.23,22.38,22.29,22.39,21.99,21.87,22.87,22.19,23.11,22.97,23.39,23.44,22.85,21.69,22.76,22.81,22.33
15070202,20.99,20.56,20.71,21.51,20.87,20.6,21.24,21.2,20.93,22.27,20.87,20.17,20.5,22,20.68,20.77,20.68,20.94,20.61,20.43,21.36,20.94,20.66,21.15,21.19,21.76,21.53,21.61,20.98,21.07,21.36,20.96,20.81,22.48,21.23,21.95,21.09,21.12,21.54,22.26,20.73,21.32,21.9,20.47,20.79,21.19,21.41,21.01,20.96,22.07,21.04,21.24,21.31,22.16,20.66,21.46,21.74,22.24,22.08,21.76,21.52,21.87,21.47,20.51,20.86,21.46,20.99,20.76,21.4,21.07,20.41,21.36,20.97,21.35,20.51,21.12,21.82,21.65,21.12,21.92,22.43,20.97,21.28,21.38,21.46,22.27,21.8,22.1,22.36,21.65,21.53,22,21.79,21.99,22.43,22.75,22.39,21.22,22.08,22.52,22.53,22.34,22.75,22.18,22.38,22.4,22.59,22.36,22.61,22.16,22.04,22.86,22.01,23.1,22.84,23.26,23.47,22.91,21.97,22.87,22.63,22.12
15070203,21.31,20.87,20.97,21.68,21.04,20.82,21.43,21.28,21.02,22.37,20.95,20.32,20.59,22.15,20.8,20.99,20.86,21.11,20.83,20.67,21.57,21.14,20.99,21.37,21.35,21.95,21.79,21.79,21.29,21.3,21.56,21.16,21,22.68,21.36,22.22,21.43,21.41,21.76,22.51,21.07,21.66,22.14,20.74,21.08,21.31,21.57,21.26,21.29,22.37,21.28,21.44,21.54,22.32,20.86,21.62,21.87,22.43,22.21,21.89,21.63,21.98,21.61,20.72,21.07,21.6,21.16,20.94,21.55,21.16,20.54,21.5,21.12,21.53,20.71,21.28,21.96,21.77,21.18,22.09,22.62,21.15,21.46,21.52,21.48,22.33,21.86,22.25,22.54,21.79,21.63,22.12,21.97,22.16,22.63,22.99,22.57,21.45,22.33,22.73,22.71,22.5,22.89,22.29,22.51,22.53,22.7,22.53,22.73,22.29,22.14,22.92,22.13,23.29,23.03,23.55,23.77,23.2,22.07,23.04,22.94,22.39
15030107,22.32,21.86,22.24,22.45,22.17,22.38,21.86,21.71,21,22.32,21.28,21.25,21.07,22.45,21.32,21.51,21.79,21.84,21.54,21.17,22.13,21.72,21.61,22.06,22.07,22.52,22.21,22.45,21.99,22.05,22.39,21.84,22.1,23.69,22.21,23.1,22.61,22.3,22.63,23.31,21.97,22.49,23.26,21.8,22.29,22.41,22.53,22.06,22.45,23.56,22.67,22.95,22.8,23.64,22.41,23.02,23.12,23.8,23.44,23.04,22.71,23.04,22.82,21.81,22.14,22.87,22.44,22.62,22.94,22.47,21.69,22.52,22.29,22.85,21.88,22.37,23.09,23.25,22.83,23.42,24.03,22.41,23.12,23.07,22.83,23.58,23.2,23.52,23.96,23.28,23.22,23.84,23.66,23.6,24.25,24.53,23.96,22.86,23.44,23.79,23.94,23.42,23.88,23.48,23.71,23.71,23.59,23.93,23.78,23.3,23.09,24.15,23.62,24.78,24.57,24.69,24.79,24.35,23.25,24.38,23.93,23.66
15030108,22.1,21.63,22,22.17,21.9,22.15,21.69,21.56,20.87,22.22,21.08,21,20.84,22.22,21.2,21.33,21.53,21.62,21.32,21,22,21.53,21.48,21.92,21.9,22.36,22.06,22.3,21.9,21.81,22.01,21.49,21.71,23.41,21.87,22.75,22.32,21.93,22.27,22.95,21.57,22.08,22.87,21.44,21.99,22.05,22.21,21.71,22.14,23.14,22.27,22.53,22.38,23.25,21.99,22.63,22.8,23.54,23.07,22.64,22.3,22.64,22.39,21.39,21.67,22.42,22.03,22.1,22.51,22.04,21.27,22.11,21.93,22.47,21.47,21.97,22.73,22.77,22.44,23.07,23.72,22.16,22.83,22.72,22.48,23.2,22.87,23.11,23.53,22.88,22.77,23.42,23.23,23.2,23.83,24.18,23.59,22.51,23.05,23.37,23.58,22.98,23.45,23.11,23.34,23.3,23.16,23.51,23.32,22.94,22.6,23.71,23.18,24.39,24.15,24.34,24.5,24.03,22.93,24.02,24.12,23.68
15050202,16.49,16.33,16.12,16.34,15.04,15.75,15.73,15.81,16.28,17.06,16.04,14.99,15.36,16.4,15.69,16.47,16.45,16.2,15.72,15.6,16.64,16.04,15.2,15.89,16.05,16.24,16.67,16.46,15.79,16,16.1,16.21,16.37,17.5,16.26,16.8,16.7,16.49,16.13,16.53,15.87,16.51,17.21,15.66,15.96,16.24,16.04,16.05,15.49,17.07,16.11,15.79,16.16,17.09,15.79,16.47,16.43,16.39,16.51,16.23,16.24,16.64,16.48,15.25,15.99,16.01,16.11,15.77,16.38,16.02,15.84,16.39,15.87,16.24,15.67,15.66,16.54,16.51,16.08,16.76,16.82,16.29,15.77,15.96,15.99,16.6,15.72,16.28,17.09,16.13,15.8,16,16.58,16.88,16.82,17.41,16.63,16.22,16.7,17.01,16.42,16.84,17.14,16.05,16.97,16.84,16.84,16.58,17.14,16.44,16.7,17.57,16.78,17.58,17.02,17.32,17.93,17.45,16.58,17.95,17.48,16.55
15080101,19.96,19.49,19.52,19.95,19.5,19.44,19.53,19.26,19.32,20.59,19.32,18.48,18.8,20.12,18.94,19.47,19.51,19.49,18.97,18.97,19.93,19.5,19.08,19.39,19.53,20.03,20.12,20.08,19.41,19.51,19.73,19.35,19.46,20.91,19.56,20.57,19.8,19.58,19.9,20.62,19.37,19.94,20.77,19.17,19.22,19.45,19.59,19.49,19.35,20.69,19.78,19.74,19.74,20.65,19.04,20.01,20.27,20.42,20.2,19.83,19.83,20.46,20,18.63,19.16,19.77,19.66,19.5,20.03,19.72,19.12,19.97,19.5,19.91,19.09,19.62,20.27,20.02,19.49,20.38,20.88,19.53,19.46,19.7,19.78,20.56,19.92,20.42,21.08,20.1,19.71,20.08,20.08,20.39,20.57,21.04,20.59,19.57,20.66,20.88,20.64,20.77,21.06,20.29,20.86,20.75,20.98,20.5,21.17,20.36,20.22,20.8,20.1,21.13,20.87,21.23,21.66,21.14,20.28,21.35,21.15,20.61
15080102,20.93,20.42,20.48,20.94,20.36,20.27,20.54,20.37,20.28,21.56,20.21,19.5,19.84,21.21,19.88,20.25,20.21,20.4,20,19.83,20.73,20.31,19.98,20.44,20.58,21.17,21.06,21.12,20.48,20.55,20.81,20.43,20.39,21.95,20.64,21.47,20.68,20.56,20.93,21.63,20.28,20.87,21.55,19.91,20.04,20.43,20.46,20.16,20.18,21.5,20.61,20.6,20.81,21.6,20.16,21.13,21.13,21.46,21.16,20.95,20.84,21.23,20.91,19.81,20.25,20.67,20.49,20.3,20.82,20.45,19.96,20.94,20.45,20.92,20.23,20.79,21.42,20.96,20.39,21.35,21.89,20.38,20.29,20.7,20.69,21.67,21.03,21.59,22.24,21.3,20.93,21.34,21.27,21.4,21.68,22.29,21.9,20.81,21.86,22.02,21.88,21.82,22.03,21.29,21.73,21.6,21.89,21.58,21.99,21.45,21.2,21.73,21.09,22.41,22.2,22.59,22.95,22.38,21.47,22.35,22.25,21.8
15080103,21.45,20.99,21.15,21.65,21.08,21.01,21.34,21.21,20.92,22.28,20.87,20.31,20.55,22,20.75,20.98,20.88,21.1,20.79,20.6,21.51,21.06,20.91,21.29,21.31,21.85,21.66,21.7,21.2,21.2,21.53,21.09,21.06,22.76,21.32,22.22,21.5,21.42,21.74,22.49,21.01,21.58,22.17,20.72,21.05,21.32,21.51,21.2,21.27,22.34,21.34,21.48,21.56,22.38,20.96,21.72,21.94,22.45,22.19,21.86,21.64,21.96,21.64,20.67,21.03,21.59,21.27,21.09,21.64,21.2,20.6,21.58,21.19,21.62,20.8,21.34,22.04,21.81,21.25,22.15,22.74,21.21,21.52,21.6,21.51,22.33,21.88,22.29,22.66,21.88,21.7,22.2,22.04,22.22,22.7,23.08,22.65,21.47,22.34,22.73,22.71,22.47,22.83,22.26,22.51,22.5,22.68,22.57,22.75,22.29,22.09,22.9,22.13,23.29,23.07,23.51,23.69,23.15,22.09,23.02,22.87,22.28
15030101,21.26,20.07,20.08,21.24,20.58,20.49,20.81,20.28,19.68,21.51,20.26,19.87,19.98,21.04,19.97,20.12,20.38,20.5,20.27,19.65,21.19,20.38,20.18,20.77,20.73,21.11,21,21.33,20.73,20.49,20.89,20.3,20.65,22.39,20.69,21.51,20.73,20.8,20.91,21.77,19.86,20.85,21.51,20.12,20.56,21.03,21.52,20.25,20.13,21.52,20.2,20.27,20.64,21.65,20.42,21.14,21.03,21.81,21.72,21.28,21.14,21.51,21.16,20.31,20.38,21.27,21.04,21.15,21.44,21,20.35,20.97,20.55,21.08,20.2,20.73,21.35,20.82,20.47,21.23,22.22,20.28,20.72,21.09,20.94,21.65,21.08,21.6,22.19,21.36,20.99,21.6,21.1,21.84,22.19,22.88,22.24,20.88,22.13,22.63,22.35,22.24,22.47,21.85,21.84,22.14,22.36,21.75,21.88,21.39,21.14,22.37,21.44,22.63,22.5,22.59,22.88,22.84,21.35,22.67,22.36,22.1
15080200,17.44,16.88,16.79,16.99,16.16,16.46,16.58,16.33,16.67,17.71,16.48,15.42,15.73,16.93,16.04,16.68,16.47,16.62,15.82,15.99,16.87,16.39,15.78,16.35,16.68,17.22,17.5,17.43,16.74,16.88,16.99,16.98,17.21,18.13,16.99,17.79,17.25,17.09,17.3,17.66,16.66,17.3,18.05,16.45,16.12,16.43,16.4,16.25,15.88,17.3,16.4,16.11,16.21,17.13,15.65,16.46,16.65,16.6,17.16,17.08,16.88,17.13,17.26,15.77,16.15,16.79,17.05,16.87,17.09,16.91,16.38,17.2,16.53,16.94,16.14,16.41,16.8,16.77,16.4,17.16,17.54,16.72,16.44,16.76,16.51,17.4,16.32,16.83,17.65,16.56,16.25,16.49,16.78,17.37,17.32,17.84,17.1,16.47,17.17,17.44,16.91,17.33,17.71,16.69,17.48,17.49,17.38,17.12,17.74,17.16,17.24,17.77,17.22,18.05,17.59,18,18.59,18.22,17.1,18.56,17.89,17.46
15080301,16.08,15.97,15.55,15.84,15.33,15.63,15.66,15.5,15.74,16.66,15.56,14.48,14.9,15.88,15.28,16.04,15.65,15.52,15.1,15.11,15.96,15.66,15.18,15.75,15.8,15.76,16.32,15.96,15.31,15.42,15.56,15.42,15.82,16.81,15.69,16.29,16.29,16.01,15.7,16.19,15.49,15.93,16.63,15.19,15.66,16.04,15.95,15.86,15.26,16.62,15.84,15.79,15.93,16.89,15.49,16.02,15.97,15.99,16.16,15.81,15.87,16.2,16.07,14.85,15.65,15.49,15.69,15.32,15.96,15.64,15.51,16.02,15.36,15.77,15.24,15.22,16.02,15.93,15.6,16.17,16.4,15.94,15.34,15.6,15.6,16.03,15.18,15.68,16.55,15.71,15.31,15.59,16.14,16.7,16.66,17.09,16.31,15.93,16.25,16.65,16.08,16.55,17.01,15.84,16.66,16.54,16.48,16.35,16.75,16.15,16.5,17.24,16.11,16.98,16.68,16.87,17.48,17.07,16.15,17.5,17.13,16.42
15040006,16.08,15.9,15.43,15.82,15.37,15.83,15.88,15.73,16.07,17.19,15.47,14.67,15.04,16.39,15.25,16.08,15.55,15.41,15.28,15.39,16.17,15.97,15.18,15.85,16.16,16.31,16.79,16.48,15.82,15.6,15.93,16.07,16.38,17.5,16.06,16.57,16.7,16.03,15.86,15.93,15.26,15.53,16.43,15.08,15.67,16.18,16.19,15.9,15.46,16.62,16.11,15.96,16.08,16.88,15.58,15.96,16,16.21,16.15,15.76,15.69,16.09,15.98,14.83,15.66,15.62,15.74,15.29,16.19,15.78,15.74,16.22,15.46,15.86,15.17,15.27,16.13,16.05,15.48,16.15,16.63,15.81,15.48,15.73,15.75,16.16,15.24,15.77,16.49,15.8,15.28,15.36,15.88,16.63,16.39,16.85,16.24,15.88,16.35,16.87,16.38,16.62,17.12,15.97,16.78,16.8,16.63,16.22,16.81,16.16,16.47,17.31,16.32,17.04,16.9,17.03,17.67,17.24,16.37,17.43,16.84,16.21
15030104,21.69,21.08,21.31,21.79,21.44,21.36,21.27,21.26,20.76,22.15,20.81,20.33,20.25,21.52,20.5,20.52,20.63,20.89,20.77,20.41,21.43,20.91,20.58,21.13,21.13,21.74,21.53,21.93,21.51,21.2,21.81,21.19,21.39,23.05,21.5,22.48,21.95,21.86,21.93,22.8,21.24,22,22.49,20.96,21.4,21.6,22,21.35,21.68,22.77,21.71,21.89,21.91,22.68,21.5,21.95,22.16,22.81,22.64,22.25,22.02,22.38,22.02,21.24,21.6,22.19,21.91,21.9,22.16,21.65,21.04,21.93,21.61,22.12,21.18,21.71,22.34,22.33,21.74,22.64,23.45,21.79,22.26,22.22,21.92,22.61,22.28,22.4,22.98,22.23,22.01,22.54,22.28,22.67,23.17,23.64,22.93,21.6,22.39,22.89,22.72,22.34,22.75,22.05,22.15,22.32,22.33,22.5,22.42,22.08,21.88,22.87,22.21,23.12,22.88,23.1,23.38,23.04,21.81,22.87,22.93,22.62
15040002,15.7,15.38,14.75,15.38,15,15.43,15.82,15.61,16.01,16.98,15.5,14.65,14.97,16.1,14.96,15.81,15.87,15.71,15.41,15.3,16.13,15.75,15.15,15.65,15.71,16.17,16.67,16.17,15.97,15.66,15.74,15.72,16.3,17.86,16.45,16.77,16.65,16.37,16.09,16.27,15.69,15.96,16.7,15.32,15.64,16.2,16.11,15.62,15.15,16.2,15.88,15.7,15.78,16.65,15.4,15.63,15.82,16.21,16.05,15.75,15.62,15.88,15.79,14.87,15.63,15.54,15.66,15.22,15.99,15.44,15.48,15.83,15.03,15.61,14.84,15.06,15.95,15.84,15.01,15.76,16.41,15.43,15.25,15.48,15.5,16.07,15.1,15.6,16.32,15.65,15.15,15.22,15.83,16.43,16.15,16.65,15.92,15.63,16.27,16.91,16.45,16.79,17.26,15.97,16.82,16.62,16.59,16.01,16.56,16,16.3,17.1,16.08,16.78,16.7,16.79,17.43,17.15,16.2,17.27,16.8,16.15
15040003,15.12,14.75,14.24,14.72,14.21,14.77,14.86,14.62,14.78,15.93,14.26,13.22,13.34,14.8,13.8,14.49,14.54,14.28,13.95,14.04,14.82,14.46,13.79,14.78,14.81,14.76,15.36,14.99,14.84,14.62,14.58,14.68,15.07,16.12,14.69,15.19,15.04,14.74,14.44,14.69,14.06,14.44,15.34,13.78,14.3,14.87,14.74,14.69,14.21,15.65,14.94,14.78,14.99,15.8,14.34,14.61,14.53,14.73,14.77,14.45,14.39,14.69,14.71,13.69,14.31,14.39,14.55,14.11,14.77,14.39,14.36,14.84,14.16,14.5,13.87,13.83,14.82,14.73,14.22,14.88,15.17,14.48,14.26,14.4,14.42,14.8,13.88,14.31,15.07,14.26,13.73,14,14.61,15.24,15.17,15.53,14.98,14.63,15.12,15.62,15.17,15.4,15.89,14.69,15.67,15.61,15.43,14.99,15.54,14.93,15.25,16.08,15.02,15.87,15.65,15.91,16.64,16.2,15.26,16.41,15.78,15.06
15080302,16.19,16.02,15.58,15.95,15.57,15.91,15.99,15.73,15.92,16.94,15.72,14.69,15.07,16.14,15.27,16.09,15.72,15.54,15.15,15.18,16.03,15.75,15.25,15.72,15.76,15.78,16.39,16.01,15.39,15.51,15.6,15.64,16.3,17.11,15.87,16.41,16.1,15.78,15.52,15.83,15.41,15.83,16.69,15.28,15.91,16.29,16.19,16.08,15.49,16.73,16.08,16.01,16.13,16.97,15.5,15.99,16,16.05,16.11,15.85,15.92,16.21,16.12,14.94,15.67,15.57,15.79,15.34,16.1,15.68,15.58,16.1,15.42,15.72,15.13,15.07,15.9,15.84,15.47,16.04,16.42,15.92,15.38,15.64,15.65,16.02,15.16,15.67,16.44,15.71,15.25,15.39,15.95,16.67,16.56,17,16.33,15.99,16.33,16.78,16.25,16.7,17.19,15.98,16.75,16.66,16.59,16.4,16.82,16.2,16.62,17.37,16.22,17.08,16.82,16.99,17.57,17.15,16.25,17.45,17.04,16.29
15010002,14.43,13.16,12.59,13.92,12.89,12.98,13.61,13.21,12.82,14.4,13.01,12.38,12.74,13.83,13.03,12.77,13.01,12.95,12.79,12.76,13.81,13.39,13,13.3,12.95,13.67,13.59,13.83,13.37,13.34,13.69,13.14,13.26,15.08,13.35,14.01,13.24,13.19,13.51,14.07,12.42,13.37,14,12.8,13.13,13.32,13.63,12.95,12.72,14.28,13.13,13.05,13.53,14.25,12.88,13.82,13.48,14.18,14.05,13.54,13.17,13.65,13.68,12.6,12.56,13.54,12.87,12.99,13.23,13.22,12.68,13.42,12.66,13.49,12.4,12.99,13.44,12.92,12.63,13.34,14.53,12.67,13.29,13.33,13.6,13.93,12.78,13.24,13.87,12.99,12.73,13.3,12.99,13.47,13.76,14.33,13.57,12.61,13.84,14.29,14.08,14.03,14.42,13.57,13.79,13.74,14.29,13.42,13.62,13.28,12.96,14.44,13.38,14.62,14.21,14.3,14.73,14.6,13.03,14.88,14.53,13.76
15010004,10.93,9.67,9.36,11.2,10.26,9.95,10.44,9.99,9.87,11.31,9.99,9.39,9.76,10.99,10.01,10.02,10.01,10.11,9.79,9.87,10.9,10.28,9.88,10.05,10.14,10.7,10.61,10.67,10.19,9.94,10.43,9.81,10.03,11.83,10.36,10.86,10.13,10.32,10.61,11.23,9.81,10.46,11.16,9.9,10.32,10.87,10.95,10.4,9.64,11.35,10.25,9.92,10.46,11.24,10.15,10.65,10.65,11.12,11.08,10.77,10.46,10.75,10.9,9.74,9.86,10.46,10.12,10.13,10.51,10.5,9.99,10.5,10.01,10.94,9.92,10.48,10.93,10.58,9.89,10.86,11.85,10.15,10.7,10.79,10.99,11.23,10.11,10.76,11.25,10.39,10.37,10.58,10.67,10.9,11.19,11.64,10.75,9.96,10.88,11.54,11.21,11.28,11.79,10.85,11.18,11.06,11.48,10.77,10.77,10.64,10.39,11.48,10.53,11.82,11.53,11.64,12.12,11.79,10.43,11.94,11.7,11.24
15010007,15.68,14.58,14.44,15.52,14.86,14.91,15.26,14.74,14.29,15.93,14.68,14.35,14.35,15.51,14.55,14.57,14.81,15.02,14.61,14.14,15.94,14.97,14.62,15.1,14.98,15.29,15.49,15.76,14.9,14.56,15.19,14.51,15.01,16.66,15.13,15.76,14.89,15.02,15.22,15.82,14.01,14.93,15.77,14.58,15.15,15.62,15.92,14.65,14.48,15.87,14.71,14.72,14.99,15.8,14.43,15.21,15.22,15.69,15.7,15.41,15.3,15.54,15.43,14.43,14.63,15.36,15.07,15.06,15.2,15.03,14.4,15.11,14.56,15.1,14.3,14.89,15.46,14.99,14.71,15.49,16.37,14.41,14.96,15.17,15.11,15.68,15.03,15.54,16.11,15.07,14.91,15.46,15.1,15.59,15.88,16.5,15.65,14.52,15.86,16.33,16.13,16.15,16.46,15.72,15.72,15.95,16.42,15.75,15.82,15.38,15.12,16.32,15.52,16.6,16.37,16.58,16.86,16.77,15.38,16.85,16.7,16.09
15010009,12.7,11.5,11.07,12.1,11.92,12.06,12.62,12.08,11.84,13.5,11.88,11.2,11.28,12.44,11.95,11.8,11.59,12.24,11.95,11.84,13.07,12.17,11.75,12.04,12.21,12.94,12.51,12.87,12.35,12.08,12.62,11.89,12.17,14.22,12.5,12.98,12.05,12.31,12.71,13.28,11.59,12.42,13.13,11.82,12.2,12.65,12.86,11.89,11.68,13.17,11.95,12.18,12.66,13.24,12.04,12.76,12.44,12.96,12.83,12.56,12.22,12.45,12.62,11.63,12.03,12.93,12.25,12.33,12.73,12.72,11.94,12.58,11.95,12.85,11.73,12.58,13.23,12.65,12.41,13.08,14.02,12.16,12.69,12.56,12.77,13.42,12.62,13,13.16,12.74,12.45,12.95,12.57,13.34,13.38,13.75,13.16,12.24,13.03,13.85,13.64,13.5,13.99,13.16,13.19,13.27,13.84,12.84,12.98,12.71,12.25,13.82,12.68,13.85,13.6,13.61,14.06,13.93,12.41,13.97,13.64,12.83
15020002,11.23,11.04,10.34,11,10.57,10.77,11.13,10.76,10.89,11.92,10.64,9.54,9.4,10.97,10.22,10.99,10.55,10.39,9.86,10.15,11.41,10.79,10.2,10.43,11.12,11.06,11.29,10.85,10.29,10.11,10.23,9.89,10.16,12.07,10.64,11.3,10.77,11.05,11.35,11.57,10.78,10.98,11.77,10.5,10.68,11.15,10.77,10.66,10.36,11.77,10.95,10.69,10.92,11.77,10.75,10.86,11.39,11.55,11.33,10.71,10.73,10.93,11.29,10.29,10.65,11.24,10.7,10.02,11.2,10.76,10.49,11.24,10.49,11.11,9.97,10.65,11.21,11.35,10.71,11.26,12.08,10.86,11.01,10.97,11.06,11.52,10.65,11.32,11.85,11.19,11.02,10.74,11.42,11.76,11.9,12.35,11.26,11.3,11.65,12.38,12.05,11.58,12.28,11.58,12.31,12.06,12.15,11.37,11.59,11.51,11.08,12.32,11.15,12.32,12.19,12.06,12.85,12.5,11.48,12.55,12.31,11.76
15020007,11.58,11.16,10.38,11.17,10.68,11.14,11.51,10.99,10.97,12.27,11.08,10.05,9.93,11.31,10.5,11.15,10.78,10.51,10.05,10.18,11.45,11.08,10.64,10.64,11.23,11.34,11.47,11.19,10.62,10.53,10.64,10.42,10.73,12.52,10.94,11.57,10.89,11.27,11.49,11.84,10.9,11.15,12.12,10.8,11.04,11.57,11.22,11.09,10.69,11.95,10.89,10.84,10.95,11.97,10.96,11.04,11.59,11.85,11.65,11.11,10.98,11.22,11.4,10.49,10.73,11.36,10.67,10.17,11.35,10.77,10.5,11.24,10.55,11.06,9.9,10.87,11.27,11.4,10.7,11.48,12.26,10.91,11.07,10.87,11.26,11.82,11.05,11.56,12.19,11.63,11.26,10.97,11.52,11.97,12.05,12.46,11.54,11.56,11.75,12.63,12.37,11.76,12.31,11.82,12.46,12.1,12.18,11.28,11.61,11.59,11.17,12.41,11.24,12.33,12.35,12.24,12.8,12.46,11.44,12.45,12.31,11.77
15020008,11.37,10.97,10.6,11.27,10.87,10.99,11.41,10.86,10.84,12.1,11.09,10.18,9.96,11.47,10.72,11.05,10.51,10.69,10.35,10.66,11.75,11.14,10.55,10.77,11.26,11.56,11.64,11.32,10.64,10.56,10.87,10.49,10.68,12.59,11.15,11.73,11,11.21,11.48,12.16,10.95,11.34,12.07,10.8,11.12,11.68,11.54,11.09,10.54,12.21,11.29,10.93,11.32,12.12,10.9,11.13,11.66,11.96,11.73,11.26,10.99,11.2,11.52,10.53,10.86,11.38,10.81,10.14,11.41,11.05,10.77,11.6,10.71,11.24,10.06,10.75,11.44,11.62,10.82,11.57,12.42,11.16,11.4,11.41,11.56,11.97,11.05,11.72,12.24,11.27,11,10.9,11.52,11.85,12.14,12.76,11.69,11.34,11.77,12.51,12.18,11.82,12.47,11.69,12.31,12.1,12.38,11.75,11.91,11.76,11.34,12.64,11.35,12.7,12.42,12.4,13.32,12.97,11.96,12.97,12.74,12.24
15020011,11,10.31,9.67,10.36,9.96,10.57,10.94,10.35,10.3,11.76,10.71,9.66,9.61,10.97,10.06,10.67,10.29,10.27,9.77,9.95,11.24,10.59,10.13,10.08,10.69,10.85,10.88,10.6,10.05,9.92,10.14,10.04,10.26,12.12,10.63,11.27,10.5,10.9,11.12,11.5,10.39,10.53,11.66,10.29,10.35,10.96,10.67,10.65,10.31,11.58,10.46,10.31,10.52,11.43,10.13,10.42,10.76,11.15,10.99,10.67,10.32,10.59,10.85,9.9,10.24,10.93,10.23,9.66,10.99,10.38,10.22,11.06,10.18,10.7,9.56,10.42,10.98,11.04,10.23,11.11,11.84,10.32,10.55,10.52,10.86,11.36,10.57,11.04,11.79,11.04,10.64,10.34,10.82,11.29,11.41,11.83,10.88,10.87,11.1,11.84,11.59,11.16,11.86,11.21,11.71,11.37,11.46,10.65,11.01,10.98,10.55,11.93,10.57,11.86,11.73,11.79,12.35,12.02,10.95,11.98,11.93,11.28
15020016,12.2,11.26,10.82,11.74,11.07,11.33,11.7,10.86,10.75,12.06,10.97,10.17,10.38,11.88,10.93,11.21,11.02,11.22,10.87,10.92,11.99,11.28,10.79,11.23,11.48,11.86,11.79,11.74,11.21,11.11,11.55,11.09,11.23,13.06,11.54,12.14,11.35,11.54,11.89,12.56,11.1,11.63,12.47,11.02,11.32,11.9,11.95,11.56,10.89,12.71,11.69,11.33,11.83,12.45,11.27,11.94,11.84,12.44,12.26,11.88,11.57,11.83,12.01,10.96,11.08,11.95,11.33,10.87,11.63,11.49,11.09,11.83,11.09,11.92,10.71,11.43,12.03,12.02,11.31,12.07,12.75,11.17,11.73,11.68,11.96,12.3,11.29,11.8,12.5,11.58,11.31,11.37,11.72,12.11,12.37,12.88,11.83,11.26,11.95,12.66,12.46,12.35,12.95,12.06,12.32,12.28,12.77,12,12.17,11.72,11.54,12.79,11.48,13,12.64,12.88,13.53,13.22,12.05,13.33,12.95,12.41
15020017,11.96,11.1,10.54,11.03,10.64,11.16,11.55,10.7,10.73,12.11,11.1,10.05,10.25,11.74,10.7,11.18,10.75,10.95,10.59,10.68,11.91,11.19,10.59,10.86,11.36,11.72,11.61,11.46,10.73,10.87,11.14,11,11.05,12.91,11.56,12.13,11.29,11.54,11.9,12.48,11.18,11.43,12.55,11.13,11.26,11.82,11.71,11.5,11.01,12.53,11.45,11.29,11.43,12.32,11.07,11.43,11.63,12.15,11.94,11.57,11.07,11.32,11.68,10.71,10.87,11.6,10.92,10.42,11.66,11.16,10.91,11.65,10.87,11.53,10.34,11.11,11.8,11.84,11.01,11.76,12.57,11.09,11.49,11.47,11.65,12.08,11.33,11.75,12.28,11.52,11.24,11.07,11.44,11.94,12.19,12.66,11.68,11.32,11.7,12.49,12.36,12.14,12.82,12,12.28,12.09,12.52,11.68,11.82,11.56,11.32,12.62,11.16,12.67,12.5,12.69,13.38,13.04,12.04,12.97,12.82,12.42
15020018,12.23,11.29,10.73,11.11,10.6,11.29,11.67,10.54,10.62,11.97,11,9.91,10.32,11.78,10.82,11.31,11.01,11.23,10.82,10.72,11.91,11.12,10.56,10.97,11.45,11.92,11.61,11.6,10.89,11.13,11.45,11.07,11.07,12.98,11.62,12.22,11.41,11.6,11.98,12.47,11.07,11.39,12.49,11.06,11.09,11.65,11.63,11.38,10.9,12.49,11.41,11.39,11.59,12.4,11.03,11.64,11.43,12.2,12.01,11.75,11.21,11.58,11.78,10.8,10.93,11.7,11.12,10.7,11.71,11.3,11.01,11.79,10.91,11.8,10.52,11.3,12.1,11.97,11.13,11.91,12.66,10.99,11.53,11.61,11.9,12.29,11.42,11.74,12.24,11.5,11.19,11.17,11.41,11.99,12.2,12.64,11.68,11.19,11.73,12.5,12.51,12.52,13.15,12.21,12.37,12.14,12.75,11.89,11.88,11.62,11.47,12.79,11.28,12.79,12.56,12.81,13.42,13.13,11.93,13.04,12.8,12.34
15030201,15.3,14.33,14.08,15.18,14.66,14.51,14.96,14.56,14.02,15.58,14.3,13.85,13.93,15.18,14.2,14.24,14.45,14.64,14.26,13.95,15.53,14.63,14.15,14.71,14.75,15.07,15.11,15.48,14.73,14.44,15.03,14.32,14.76,16.41,14.73,15.5,14.69,14.84,15.02,15.71,13.89,14.73,15.49,14.21,14.61,15.15,15.38,14.47,14.11,15.52,14.29,14.32,14.68,15.51,14.11,14.92,14.84,15.34,15.35,14.98,15.06,15.14,15.09,13.99,14.25,14.97,14.59,14.45,14.77,14.5,13.85,14.69,14.13,14.67,13.95,14.53,15.08,14.8,14.4,15.18,15.92,14.11,14.51,14.73,14.67,15.1,14.55,15.09,15.75,14.69,14.65,15.06,14.83,15.24,15.6,16.11,15.3,14.25,15.62,16,15.72,15.74,15.96,15.29,15.54,15.67,16.03,15.4,15.47,14.97,14.83,15.9,15.22,16.19,15.94,16.17,16.53,16.34,15.05,16.53,16.3,15.77
15060201,11.88,10.77,10.5,12.15,11.46,11.22,11.59,11.22,11.06,12.5,11.04,10.56,10.74,12.04,10.85,10.98,11,11.34,10.97,10.79,12.19,11.4,10.87,11.25,11.64,11.86,11.71,12.02,11.26,11.01,11.5,10.78,11.13,12.93,11.42,12.03,11.2,11.58,11.68,12.38,10.88,11.47,12.2,10.83,11.3,11.98,12.21,11.51,10.98,12.41,11.19,11,11.47,12.23,10.99,11.63,11.66,12.05,12.08,11.81,11.78,11.8,11.95,10.69,10.98,11.69,11.35,10.95,11.44,11.18,10.58,11.43,10.94,11.52,10.81,11.3,11.85,11.68,11.05,11.86,12.59,11.01,11.44,11.66,11.8,11.97,11.2,11.86,12.27,11.27,11.4,11.73,11.83,12.12,12.37,12.87,11.94,11.12,12.22,12.79,12.53,12.57,13,12.1,12.44,12.41,12.84,12.29,12.23,11.95,11.77,12.7,11.96,13.07,12.89,13.06,13.49,13.14,11.89,13.23,13.01,12.67
15060202,12.37,11.45,11.15,12.86,12.07,11.68,12.11,11.73,11.37,12.7,11.26,10.65,10.75,12.39,11.36,11.46,11.45,11.56,11.26,11.31,12.48,11.63,11.09,11.45,11.87,12.16,12.1,12.19,11.55,11.34,11.96,11.42,11.67,13.49,11.85,12.43,11.6,11.82,12.14,12.68,11.16,11.8,12.56,11.13,11.5,12.01,12.2,11.85,11.28,12.91,11.68,11.31,11.79,12.51,11.24,11.97,11.84,12.32,12.3,12.05,11.91,12.15,12.17,11.03,11.22,11.95,11.58,11.37,11.77,11.61,11.12,11.8,11.18,11.93,11.11,11.73,12.25,12.03,11.48,12.32,12.95,11.44,11.81,12,12.07,12.28,11.61,12.09,12.79,11.66,11.76,11.84,11.94,12.16,12.49,12.96,12.17,11.31,12.33,12.86,12.6,12.87,13.12,12.33,12.67,12.71,13.06,12.56,12.9,12.41,12.35,13.37,12.44,13.61,13.34,13.46,14.03,13.61,12.4,13.85,13.51,13.16
15020006,9.46,8.63,7.74,8.35,7.78,9.46,9.62,8.93,9.11,10.67,9.72,8.77,8.5,9.7,8.74,9.51,9.28,9.35,8.57,8.75,10.25,9.48,8.9,8.72,8.9,8.98,9.24,8.7,8.37,8.49,8.44,8.07,8.56,10.45,8.8,9.42,8.77,8.96,9.06,9.61,8.47,8.82,9.63,8.11,8.44,9.29,9.01,8.55,8.27,9.65,8.61,8.37,8.77,9.81,8.52,9.08,9.01,9.63,9.32,8.83,8.63,8.98,9.27,7.76,8.24,9.2,8.7,8.12,8.99,8.45,8.26,9.04,7.96,8.63,7.36,8.42,8.99,9.07,8.08,9.07,9.87,8.7,8.66,8.9,9.27,9.66,8.99,9.43,10.32,9.44,8.85,8.79,8.89,9.57,9.45,9.88,8.89,8.99,8.84,9.48,9.05,8.67,9.67,8.98,9.44,9.09,9.29,8.47,9.04,8.98,8.79,9.88,8.71,10.12,10.13,10.18,10.57,10.22,9.18,10.34,10.31,9.76
15040004,11.83,11.69,11.24,12.18,11.49,11.83,11.89,11.63,11.44,12.61,11.14,10.06,10.17,11.53,10.67,11.54,11.76,11.43,10.98,11.17,11.73,11.4,10.58,11.17,11.37,11.57,12.04,11.72,11.38,11.07,11.13,11.06,11.38,13.11,11.7,12.21,11.9,11.86,11.58,11.83,11.25,11.56,12.42,10.86,11.12,11.67,11.29,11.27,11,12.29,11.47,11.2,11.49,12.43,11.21,11.58,11.61,11.93,11.84,11.38,11.42,11.71,11.71,10.56,11.29,11.5,11.56,10.98,11.89,11.62,11.4,11.93,10.97,11.58,10.75,10.88,12.03,11.72,10.98,11.75,12.22,11.5,11.43,11.74,11.75,11.99,11.07,11.5,12.39,11.68,11.25,11.28,11.81,12.24,12.55,13.05,12.06,11.73,12.64,13.09,12.4,13.11,13.22,11.75,12.96,12.89,12.9,12.5,12.68,12.34,12.76,13.77,12.48,13.46,13.16,13.29,14.04,13.65,12.48,13.87,13.43,12.79
15010005,17.29,16.4,15.94,17.12,16.22,16.33,16.82,16.38,15.93,17.57,16.02,15.54,15.67,16.94,16.09,15.95,16.22,16.2,16.06,15.82,17.13,16.4,16.03,16.63,16.46,17.03,16.89,17.19,16.54,16.44,16.84,16.26,16.48,18.3,16.52,17.25,16.5,16.39,16.62,17.3,15.49,16.52,17.12,15.81,16.23,16.51,16.86,15.94,16.06,17.59,16.38,16.22,16.42,17.26,15.86,16.71,16.44,17.16,17.22,16.83,16.53,16.99,16.65,15.65,15.61,16.55,16.14,16.26,16.44,16.23,15.66,16.2,15.7,16.34,15.43,15.98,16.54,16.04,15.95,16.56,17.53,15.53,16.18,16.35,16.6,17.13,16.34,16.84,17.45,16.54,16.17,16.84,16.41,17.01,17.32,17.97,17.21,15.99,17.37,17.79,17.77,17.64,17.91,17.1,17.23,17.17,17.64,17.01,17.22,16.79,16.37,17.75,16.76,17.96,17.83,17.82,18.11,18.05,16.56,18.21,18.07,17.53
15010006,16.08,14.98,14.57,15.52,15.01,14.94,15.53,15.11,14.76,16.45,14.84,14.41,14.6,15.67,14.88,14.72,14.95,15.28,14.96,14.75,16.02,15.17,14.81,15.26,15.25,15.93,15.58,15.84,15.28,15.13,15.53,14.93,15.08,16.96,15.24,15.91,15.1,15.15,15.5,16.18,14.41,15.22,15.87,14.64,15.07,15.21,15.71,14.71,14.84,16.33,15.26,15.04,15.33,16.02,14.69,15.4,15.4,15.86,15.88,15.57,15.1,15.57,15.48,14.54,14.59,15.5,15.12,15.2,15.42,15.36,14.69,15.24,14.77,15.49,14.48,15.16,15.8,15.2,15,15.6,16.69,14.72,15.29,15.45,15.56,16.16,15.28,15.81,16.34,15.47,15.15,15.87,15.38,16.07,16.46,17.04,16.21,15.11,16.36,16.8,16.81,16.69,16.99,16.23,16.38,16.38,16.96,16.17,16.43,15.96,15.47,16.95,16.02,17.24,17.05,16.99,17.27,17.2,15.69,17.36,17.18,16.49
14070006,13.44,12.45,11.8,12.66,11.88,12.41,12.91,12.05,12.05,13.59,12.4,11.36,11.74,12.82,12,12.27,12.13,12.6,12.14,12.06,13.22,12.33,11.98,12.13,12.52,13.04,12.76,12.8,12.11,12.13,12.81,12.2,12.3,14.27,12.78,13.35,12.51,12.82,12.91,13.3,11.64,12.55,13.53,12.04,12.41,13.03,13.05,12.29,12.04,13.48,12.35,12.52,12.7,13.4,12.12,12.8,12.19,13.22,13.1,12.68,12.02,12.68,12.69,11.92,11.96,12.72,12.11,11.63,12.74,12.36,11.96,12.86,11.96,12.72,11.59,12.46,13.37,12.81,12.01,12.84,13.59,11.87,12.46,12.77,13.08,13.42,12.69,13.2,13.45,12.75,12.25,12.43,12.57,13.34,13.37,13.86,12.86,12.51,13.22,13.95,13.64,13.56,14.14,13.07,13.31,13.23,13.75,12.96,13.13,12.79,12.64,14.28,12.81,14.28,13.75,13.99,14.6,14.35,12.95,14.3,14.22,13.69
14070007,12.44,11.41,10.84,11.85,10.89,11.1,11.57,11.13,11.03,12.7,10.84,10.17,10.65,11.62,10.85,10.84,11.15,11.52,11.19,11,11.99,11.21,10.88,11.2,11.35,11.93,11.63,11.72,11.18,11.06,11.76,11.06,11.24,13.08,11.61,12.09,11.28,11.44,11.79,12.23,10.75,11.61,12.25,10.84,11.25,11.63,11.76,11.13,10.86,12.11,11.21,11.33,11.81,12.46,11.18,12.04,11.29,12.1,12.13,11.54,11.04,11.57,11.53,10.61,10.66,11.44,10.87,10.49,11.19,11.05,10.68,11.47,10.67,11.42,10.43,11.3,12.09,11.51,10.87,11.84,12.53,10.72,11.26,11.49,11.79,12.16,11.4,12.12,12.35,11.77,11.29,11.51,11.48,12.18,12.31,12.71,11.81,11.24,12.21,12.92,12.61,12.5,12.98,11.9,12.15,12.23,12.74,11.91,12.11,11.79,11.63,13.32,11.83,13.03,12.56,12.65,13.31,13.05,11.52,13.01,12.73,12.16
14080201,11.9,11.01,9.99,10.87,10.46,11.21,11.61,10.4,10.58,11.98,10.97,9.83,9.86,10.87,10.2,10.88,10.43,10.92,10.65,10.4,11.71,10.94,10.52,10.17,11.09,11.55,11.37,11.29,10.38,10.5,10.99,10.3,10.82,12.85,11.24,11.76,11,11.37,11.6,12.05,10.94,11.1,12.13,10.76,10.78,11.49,11.3,10.78,10.8,12.01,11.1,11.14,11.44,12.48,10.84,11.48,11.1,11.9,11.76,11.29,10.91,11.48,11.96,10.85,11.05,11.62,11.44,10.73,11.55,11.02,10.73,11.44,10.18,11.01,10.03,10.69,11.55,11.13,10.06,11.72,12.03,10.59,11.05,11.2,11.37,11.73,11.07,11.27,11.9,11.32,10.91,11.21,11.22,12.01,11.72,12.28,11.31,11.58,11.78,12.64,12.44,12.09,12.62,11.67,12.12,11.89,12.31,11.25,11.54,11.18,11,12.34,11.32,12.31,12.29,12.27,13.05,13.07,11.61,12.76,12.73,12.34
14080205,12.33,11.38,10.62,11.42,10.71,11.41,11.76,10.75,10.87,12.37,11.35,10.15,10.35,11.35,10.45,11.23,10.77,11.35,10.77,10.7,12.05,11.11,10.71,10.99,11.34,12.15,11.84,11.74,10.7,11.11,11.72,11.06,11.35,13.41,11.72,12.02,11.23,11.48,11.9,12.52,11.08,11.45,12.48,10.82,11.2,11.85,11.81,11.01,10.99,12.28,11.34,11.22,11.47,12.67,11.03,11.85,11.28,12.16,12,11.48,10.82,11.38,11.57,10.85,10.95,11.63,11.41,10.82,11.75,11.23,10.95,11.83,10.73,11.31,10.43,11.39,12.1,11.63,10.97,11.93,12.46,10.64,11.15,11.37,12,12.4,11.56,11.82,12.31,11.49,10.95,11.35,11.62,12.54,12.52,13,11.82,11.79,12.36,13,12.65,12.59,13.06,12.08,12.59,12.2,12.6,11.86,12.01,11.56,11.39,12.93,11.42,12.75,12.56,12.73,13.39,13.15,11.82,13.06,12.92,12.23
15010003,12.13,10.68,10.21,11.35,10.52,10.68,11.27,11.06,10.74,12.29,10.94,10.34,10.67,11.58,11.03,10.83,10.84,11.23,10.92,10.88,11.86,11.52,11.11,11.12,11.14,11.89,11.55,11.69,11.26,11.18,11.62,11.05,11.07,13,11.39,11.91,10.89,11.07,11.47,12.03,10.56,11.23,11.93,10.69,10.98,11.41,11.58,10.85,10.38,11.91,10.72,10.96,11.54,12.17,10.86,11.54,11.24,11.99,11.74,11.26,10.95,11.34,11.49,10.52,10.72,11.55,10.86,10.84,11.22,11.26,10.74,11.39,10.66,11.51,10.37,11.25,11.75,11.1,10.74,11.69,12.88,10.78,11.38,11.41,11.64,12.2,11.14,11.74,11.87,11.46,11.15,11.47,11.24,11.83,11.88,12.33,11.59,10.86,11.87,12.51,12.11,12.02,12.65,11.73,11.86,12,12.41,11.52,11.7,11.48,11.17,12.66,11.45,12.67,12.29,12.47,12.95,12.8,11.26,12.79,12.61,11.96
15060203,15.99,15.39,15.24,16.38,15.69,15.49,15.8,15.51,14.77,16.18,14.82,14.17,14.21,15.87,14.91,15.15,15.27,15.24,14.92,15.03,16.12,15.28,14.64,15.26,15.7,15.77,15.84,16.09,15.32,15.25,15.71,15.27,15.37,17.37,15.59,16.4,15.64,15.81,15.84,16.66,15.08,15.88,16.47,15.02,15.31,15.74,15.97,15.71,15.27,16.87,15.52,15.24,15.51,16.46,14.96,15.7,15.52,15.96,16,15.69,15.6,15.87,15.81,14.58,14.82,15.56,15.28,15.11,15.47,15.12,14.64,15.56,14.72,15.45,14.5,14.96,15.76,15.49,15.04,15.83,16.46,14.97,15.07,15.48,15.46,16.01,15.51,16.03,16.62,15.54,15.45,15.39,15.54,15.86,16.21,16.62,15.97,14.93,16.15,16.54,16.31,16.57,16.74,16.02,16.47,16.49,16.81,16.16,16.51,15.98,16.05,17.04,16,17.01,16.8,17.06,17.68,17.1,15.97,17.47,16.86,16.68
14080106,8.27,7.66,6.62,7.31,6.82,7.63,7.83,6.91,7.04,8.52,7.6,6.4,6.48,7.64,6.78,7.41,7.01,7.39,7.35,7.25,8.29,7.43,7.08,6.78,7.69,7.91,7.94,7.6,6.82,7.18,7.61,7.01,7.3,9.17,7.64,8.4,7.63,7.73,7.95,8.2,7.13,7.56,8.58,6.95,7.24,7.74,7.66,7.64,7.19,8.75,7.79,7.59,8,9.01,7.36,8.41,7.73,8.56,8.56,8.2,7.76,8.42,8.62,7.09,7.49,8.48,8.11,7.36,8.06,7.49,7.34,8.1,7.08,7.71,6.67,7.51,8.18,7.88,7.1,8.14,8.68,7.05,7.39,7.44,7.83,8.04,7.32,7.54,8.33,7.64,7.21,7.33,7.45,8.24,8.13,8.55,7.69,7.85,8.41,8.88,8.93,8.78,9.29,8.31,8.84,8.82,9.05,8.04,8.43,7.98,7.76,9.28,7.92,9.03,8.95,9.07,9.68,9.54,8.03,9.57,9.4,8.58
14080105,10.52,9.81,8.78,9.55,9.08,9.86,10.13,9.1,9.24,10.7,9.73,8.52,8.64,9.72,9.03,9.59,9.26,9.61,9.39,9.21,10.43,9.67,9.29,8.99,9.88,10.18,10.12,9.85,9.06,9.26,9.68,9.07,9.53,11.46,9.9,10.52,9.8,10.01,10.21,10.59,9.51,9.84,10.81,9.35,9.5,10.1,10.01,9.71,9.55,10.95,9.93,9.88,10.33,11.3,9.49,10.39,9.8,10.64,10.55,10.1,9.81,10.36,10.67,9.38,9.65,10.4,10.13,9.29,10.11,9.64,9.46,10.18,9,9.75,8.67,9.48,10.32,9.88,9.01,10.33,10.81,9.23,9.56,9.67,10.04,10.34,9.64,9.86,10.65,9.95,9.54,9.69,9.81,10.58,10.43,10.83,9.97,10.16,10.54,11.21,11.13,10.86,11.4,10.43,10.94,10.73,10.99,10.05,10.42,9.97,9.66,11.08,9.93,11.16,11.1,11.12,11.81,11.74,10.29,11.56,11.41,10.95
15010010,16.41,15.37,15,15.89,15.46,15.61,16.15,15.49,15.26,17,15.22,14.61,14.79,15.92,15.41,15.24,15.25,15.76,15.46,15.18,16.44,15.53,15.17,15.57,15.69,16.49,16.03,16.23,15.7,15.51,16.09,15.45,15.6,17.55,15.86,16.42,15.57,15.71,16.1,16.74,15.06,15.81,16.45,15.26,15.63,15.76,16.22,15.21,15.38,16.88,15.79,15.77,16.09,16.61,15.38,16.08,16.06,16.29,16.47,16.21,15.69,16.03,15.92,14.97,15.08,16.15,15.78,15.83,16.07,16.03,15.23,15.82,15.41,16.26,15.13,15.92,16.5,15.93,15.74,16.33,17.28,15.44,15.92,16.16,16.27,16.89,16.11,16.41,16.81,16.07,15.68,16.46,16.01,16.84,17.1,17.56,16.9,15.69,16.86,17.35,17.39,17.3,17.79,16.98,17.02,17.13,17.73,16.91,17.15,16.72,16.2,17.74,16.72,17.87,17.92,17.66,17.83,17.82,16.36,17.89,17.77,17.09
15010001,12.74,11.75,11.18,12.34,11.29,11.61,12.1,11.42,11.22,12.81,11.27,10.48,10.92,12.06,11.2,11.14,11.42,11.6,11.36,11.24,12.17,11.53,11.16,11.57,11.53,12.05,11.85,12.01,11.54,11.44,12.04,11.49,11.66,13.49,11.89,12.45,11.64,11.72,12.02,12.47,10.92,11.87,12.55,11.18,11.52,11.89,12.05,11.49,11.1,12.59,11.63,11.54,12.05,12.71,11.44,12.27,11.6,12.38,12.29,11.78,11.37,11.88,11.86,10.88,10.93,11.81,11.27,10.93,11.51,11.37,11.02,11.87,11.09,11.82,10.69,11.46,12.16,11.67,11.14,11.96,12.79,10.99,11.5,11.62,11.85,12.33,11.39,11.93,12.43,11.75,11.35,11.58,11.59,12.17,12.49,12.96,12.02,11.43,12.44,13.01,12.69,12.61,13.15,12.13,12.39,12.41,12.94,12.13,12.31,11.91,11.79,13.35,11.96,13.18,12.67,12.86,13.45,13.19,11.72,13.33,13.18,12.48
